well_id,timestamp,depth,rop,wob,rpm,torque,standpipe_pressure,mud_density,event_label
W001,2025-04-08 00:00:00,500.0,31.54,12.81,120.11,13.88,2288.72,1.099,0
W001,2025-04-08 04:00:00,524.4,28.36,9.16,129.24,14.44,2301.29,1.058,0
W001,2025-04-08 08:00:00,548.7,32.55,9.52,115.17,16.74,2272.86,1.092,0
W001,2025-04-08 12:00:00,573.1,34.57,7.31,110.14,13.37,2346.22,1.091,0
W001,2025-04-08 16:00:00,597.4,26.82,10.02,110.36,14.37,2385.36,1.106,0
W001,2025-04-08 20:00:00,621.8,33.17,11.98,109.76,14.99,2582.09,1.108,0
W001,2025-04-09 00:00:00,646.2,28.68,13.37,112.67,13.8,2496.7,1.073,0
W001,2025-04-09 04:00:00,670.5,24.26,12.41,115.17,15.23,2341.23,1.09,0
W001,2025-04-09 08:00:00,694.9,28.63,10.06,112.71,14.26,2301.87,1.086,0
W001,2025-04-09 12:00:00,719.3,22.49,12.03,117.34,14.85,2400.48,1.098,0
W001,2025-04-09 16:00:00,743.6,27.83,10.2,118.17,15.37,2565.7,1.119,0
W001,2025-04-09 20:00:00,768.0,32.8,9.86,111.61,13.2,2409.66,1.054,0
W001,2025-04-10 00:00:00,792.3,28.62,10.54,105.85,16.44,2284.64,1.1,0
W001,2025-04-10 04:00:00,816.7,38.35,8.58,114.11,14.27,2335.66,1.108,0
W001,2025-04-10 08:00:00,841.1,33.32,12.16,110.66,19.38,2233.2,1.081,0
W001,2025-04-10 12:00:00,865.4,30.51,11.13,117.93,17.84,2384.41,1.099,0
W001,2025-04-10 16:00:00,889.8,28.22,11.88,113.09,14.43,2446.79,1.113,0
W001,2025-04-10 20:00:00,914.2,23.38,11.54,113.38,16.71,2378.05,1.118,0
W001,2025-04-11 00:00:00,938.5,27.97,7.65,121.31,13.48,2261.01,1.099,0
W001,2025-04-11 04:00:00,962.9,29.28,12.23,120.35,15.17,2326.28,1.104,0
W001,2025-04-11 08:00:00,987.2,30.5,11.85,109.75,14.28,2454.44,1.118,0
W001,2025-04-11 12:00:00,1011.6,32.9,11.12,112.08,15.73,2313.05,1.088,0
W001,2025-04-11 16:00:00,1036.0,32.03,12.4,112.91,17.49,2529.78,1.094,0
W001,2025-04-11 20:00:00,1060.3,22.47,11.77,120.78,18.78,2581.48,1.116,3
W001,2025-04-12 00:00:00,1084.7,20.55,11.88,111.92,20.05,2577.98,1.088,3
W001,2025-04-12 04:00:00,1109.1,15.95,18.36,113.78,27.64,2711.94,1.111,3
W001,2025-04-12 08:00:00,1133.4,14.83,15.18,108.16,26.74,2744.49,1.105,3
W001,2025-04-12 12:00:00,1157.8,15.14,15.56,130.23,29.78,2503.98,1.101,3
W001,2025-04-12 16:00:00,1182.1,17.96,14.75,101.08,21.59,2570.03,1.123,3
W001,2025-04-12 20:00:00,1206.5,19.25,12.21,108.25,20.41,2472.23,1.084,3
W001,2025-04-13 00:00:00,1230.9,27.03,13.42,103.93,14.17,2481.9,1.093,0
W001,2025-04-13 04:00:00,1255.2,27.01,11.8,115.95,14.78,2451.51,1.093,0
W001,2025-04-13 08:00:00,1279.6,29.52,11.63,115.93,20.63,2341.12,1.126,0
W001,2025-04-13 12:00:00,1304.0,19.52,8.68,107.56,13.88,2461.77,1.11,0
W001,2025-04-13 16:00:00,1328.3,26.74,11.58,118.17,17.5,2326.73,1.101,0
W001,2025-04-13 20:00:00,1352.7,27.29,12.53,110.36,15.84,2451.49,1.096,0
W001,2025-04-14 00:00:00,1377.0,25.32,11.95,114.22,16.9,2356.68,1.102,0
W001,2025-04-14 04:00:00,1401.4,26.81,13.02,109.36,16.42,2476.9,1.133,0
W001,2025-04-14 08:00:00,1425.8,24.48,10.81,109.38,12.99,2615.66,1.09,0
W001,2025-04-14 12:00:00,1450.1,25.05,13.77,104.48,17.36,2332.34,1.128,0
W001,2025-04-14 16:00:00,1474.5,20.99,9.17,111.73,17.75,2459.41,1.104,0
W001,2025-04-14 20:00:00,1498.9,31.54,15.03,119.03,14.88,2427.24,1.091,0
W001,2025-04-15 00:00:00,1523.2,27.8,9.36,118.31,19.61,2532.14,1.103,0
W001,2025-04-15 04:00:00,1547.6,29.08,14.23,124.42,14.19,2516.16,1.109,0
W001,2025-04-15 08:00:00,1571.9,29.92,12.38,100.78,15.37,2490.78,1.09,0
W001,2025-04-15 12:00:00,1596.3,29.24,9.51,110.21,18.41,2396.05,1.121,0
W001,2025-04-15 16:00:00,1620.7,22.24,14.92,113.17,16.17,2494.39,1.122,0
W001,2025-04-15 20:00:00,1645.0,22.94,11.79,111.05,12.96,2569.79,1.108,0
W001,2025-04-16 00:00:00,1669.4,28.23,12.07,112.99,19.56,2479.38,1.09,0
W001,2025-04-16 04:00:00,1693.8,26.3,12.55,118.2,14.04,2569.97,1.087,0
W001,2025-04-16 08:00:00,1718.1,30.93,9.82,113.64,17.92,2499.76,1.127,0
W001,2025-04-16 12:00:00,1742.5,29.36,13.73,121.37,15.18,2548.64,1.092,0
W001,2025-04-16 16:00:00,1766.8,27.33,13.03,115.8,16.8,2475.16,1.132,0
W001,2025-04-16 20:00:00,1791.2,27.26,11.1,120.32,13.47,2542.13,1.1,0
W001,2025-04-17 00:00:00,1815.6,31.33,11.41,115.81,16.74,2326.04,1.107,0
W001,2025-04-17 04:00:00,1839.9,30.63,13.1,116.7,13.57,2555.09,1.127,0
W001,2025-04-17 08:00:00,1864.3,27.64,13.63,110.9,15.08,2281.46,1.131,0
W001,2025-04-17 12:00:00,1888.7,28.44,9.28,104.45,14.43,2579.18,1.113,0
W001,2025-04-17 16:00:00,1913.0,25.09,10.29,108.69,12.52,2401.77,1.102,0
W001,2025-04-17 20:00:00,1937.4,29.55,11.55,110.05,20.16,2453.36,1.136,0
W001,2025-04-18 00:00:00,1961.7,32.36,9.45,115.44,15.07,2461.89,1.128,0
W001,2025-04-18 04:00:00,1986.1,25.63,11.06,113.99,15.33,2412.85,1.132,0
W001,2025-04-18 08:00:00,2010.5,30.65,12.32,112.74,14.73,2457.83,1.156,0
W001,2025-04-18 12:00:00,2034.8,30.31,10.54,115.99,15.35,2576.37,1.129,0
W001,2025-04-18 16:00:00,2059.2,30.75,10.52,115.63,12.85,2413.35,1.134,0
W001,2025-04-18 20:00:00,2083.6,22.15,11.34,114.95,18.25,2433.72,1.069,0
W001,2025-04-19 00:00:00,2107.9,22.39,14.41,117.06,19.38,2430.01,1.098,0
W001,2025-04-19 04:00:00,2132.3,26.39,12.96,116.83,18.68,2572.5,1.129,0
W001,2025-04-19 08:00:00,2156.6,27.15,13.35,120.14,18.82,2675.08,1.113,0
W001,2025-04-19 12:00:00,2181.0,26.44,12.04,110.0,15.76,2584.46,1.13,0
W001,2025-04-19 16:00:00,2205.4,26.2,12.26,115.02,18.47,2408.55,1.124,0
W001,2025-04-19 20:00:00,2229.7,25.27,13.73,106.9,19.69,2564.5,1.129,0
W001,2025-04-20 00:00:00,2254.1,23.8,13.41,115.29,19.18,2418.22,1.128,0
W001,2025-04-20 04:00:00,2278.5,26.23,12.32,112.57,16.35,2566.35,1.098,0
W001,2025-04-20 08:00:00,2302.8,27.9,11.88,115.77,17.66,2505.99,1.124,0
W001,2025-04-20 12:00:00,2327.2,18.89,13.7,121.48,13.94,2519.41,1.108,0
W001,2025-04-20 16:00:00,2351.5,24.47,13.57,120.92,19.02,2676.62,1.124,0
W001,2025-04-20 20:00:00,2375.9,21.56,12.43,118.8,14.79,2710.76,1.141,0
W001,2025-04-21 00:00:00,2400.3,24.38,11.53,110.99,17.13,2543.38,1.142,0
W001,2025-04-21 04:00:00,2424.6,23.97,13.36,114.83,17.49,2546.0,1.139,0
W001,2025-04-21 08:00:00,2449.0,27.17,13.29,118.65,15.3,2598.48,1.148,0
W001,2025-04-21 12:00:00,2473.4,26.47,11.05,114.7,17.67,2503.9,1.109,0
W001,2025-04-21 16:00:00,2497.7,24.05,11.49,114.91,14.14,2625.57,1.12,0
W001,2025-04-21 20:00:00,2522.1,27.99,12.18,114.85,16.69,2515.49,1.168,0
W001,2025-04-22 00:00:00,2546.4,23.51,14.14,108.44,17.67,2623.21,1.131,0
W001,2025-04-22 04:00:00,2570.8,23.29,12.21,112.58,21.32,2580.75,1.139,0
W001,2025-04-22 08:00:00,2595.2,30.34,11.29,115.23,16.52,2577.72,1.129,0
W001,2025-04-22 12:00:00,2619.5,22.8,12.89,108.62,18.78,2644.25,1.125,0
W001,2025-04-22 16:00:00,2643.9,23.67,13.01,110.21,20.26,2623.04,1.139,0
W001,2025-04-22 20:00:00,2668.3,27.04,11.73,121.53,17.21,2679.02,1.13,0
W001,2025-04-23 00:00:00,2692.6,28.95,13.2,128.1,16.33,2614.6,1.118,0
W001,2025-04-23 04:00:00,2717.0,23.41,13.53,121.78,22.34,2590.17,1.12,0
W001,2025-04-23 08:00:00,2741.3,27.26,10.91,118.39,16.1,2620.59,1.151,0
W001,2025-04-23 12:00:00,2765.7,24.67,14.0,120.24,13.64,2523.08,1.112,0
W001,2025-04-23 16:00:00,2790.1,31.01,12.44,125.68,14.06,2555.36,1.148,0
W001,2025-04-23 20:00:00,2814.4,25.54,13.4,107.48,19.48,2679.52,1.142,0
W001,2025-04-24 00:00:00,2838.8,22.94,13.09,113.25,14.03,2607.73,1.134,0
W001,2025-04-24 04:00:00,2863.2,28.19,9.25,116.41,14.92,2643.68,1.143,0
W001,2025-04-24 08:00:00,2887.5,24.74,13.81,107.53,18.99,2553.9,1.114,0
W001,2025-04-24 12:00:00,2911.9,24.18,9.46,116.53,16.53,2731.34,1.148,0
W001,2025-04-24 16:00:00,2936.2,20.82,11.34,118.12,18.52,2733.01,1.157,0
W001,2025-04-24 20:00:00,2960.6,24.73,13.14,122.79,16.45,2659.84,1.134,0
W001,2025-04-25 00:00:00,2985.0,23.35,12.67,110.87,16.76,2535.2,1.137,0
W001,2025-04-25 04:00:00,3009.3,26.35,11.72,115.06,17.25,2671.75,1.138,0
W001,2025-04-25 08:00:00,3033.7,28.26,9.45,132.63,15.43,2670.01,1.127,0
W001,2025-04-25 12:00:00,3058.1,26.93,13.01,111.1,18.93,2621.63,1.149,0
W001,2025-04-25 16:00:00,3082.4,22.25,12.55,127.02,18.73,2666.75,1.135,0
W001,2025-04-25 20:00:00,3106.8,22.7,13.7,117.7,16.06,2701.9,1.126,0
W001,2025-04-26 00:00:00,3131.1,27.39,12.24,116.78,19.81,2621.71,1.148,0
W001,2025-04-26 04:00:00,3155.5,26.81,14.25,117.13,14.97,2563.07,1.159,0
W001,2025-04-26 08:00:00,3179.9,24.21,14.48,118.81,20.32,2626.26,1.145,0
W001,2025-04-26 12:00:00,3204.2,19.41,11.48,105.14,16.41,2792.2,1.121,0
W001,2025-04-26 16:00:00,3228.6,21.59,11.46,111.39,18.31,2592.13,1.161,0
W001,2025-04-26 20:00:00,3253.0,27.1,10.03,110.9,18.11,2759.18,1.138,0
W001,2025-04-27 00:00:00,3277.3,22.44,11.66,105.8,20.6,2496.34,1.18,0
W001,2025-04-27 04:00:00,3301.7,18.52,16.02,116.58,24.16,2757.3,1.143,1
W001,2025-04-27 08:00:00,3326.0,9.6,15.31,105.88,24.47,2875.66,1.137,1
W001,2025-04-27 12:00:00,3350.4,3.83,20.85,113.59,34.76,2715.74,1.145,1
W001,2025-04-27 16:00:00,3374.8,2.0,20.23,119.08,41.92,2905.67,1.133,1
W001,2025-04-27 20:00:00,3399.1,2.41,17.71,109.34,37.68,2876.44,1.166,1
W001,2025-04-28 00:00:00,3423.5,8.85,17.34,114.1,26.86,2902.45,1.144,1
W001,2025-04-28 04:00:00,3447.9,18.6,16.13,108.92,23.57,2687.65,1.176,1
W001,2025-04-28 08:00:00,3472.2,23.22,12.23,128.34,15.77,2729.14,1.138,0
W001,2025-04-28 12:00:00,3496.6,21.44,14.08,122.35,20.92,2546.3,1.154,0
W001,2025-04-28 16:00:00,3520.9,26.88,10.87,116.89,18.0,2724.61,1.139,0
W001,2025-04-28 20:00:00,3545.3,18.19,10.53,120.86,19.99,2717.22,1.143,0
W001,2025-04-29 00:00:00,3569.7,17.63,14.25,108.4,16.72,2639.87,1.148,0
W001,2025-04-29 04:00:00,3594.0,20.22,13.45,111.27,19.26,2788.14,1.154,0
W001,2025-04-29 08:00:00,3618.4,23.89,16.58,107.96,15.78,2760.57,1.182,0
W001,2025-04-29 12:00:00,3642.8,21.72,15.99,115.58,16.77,2611.54,1.162,0
W001,2025-04-29 16:00:00,3667.1,19.76,13.52,124.5,17.45,2821.64,1.135,0
W001,2025-04-29 20:00:00,3691.5,20.9,11.29,115.44,19.4,2712.83,1.172,0
W001,2025-04-30 00:00:00,3715.8,20.25,13.74,111.84,18.65,2754.08,1.163,0
W001,2025-04-30 04:00:00,3740.2,19.29,12.07,110.77,17.57,2719.27,1.165,0
W001,2025-04-30 08:00:00,3764.6,19.96,11.0,127.93,15.96,2789.37,1.156,0
W001,2025-04-30 12:00:00,3788.9,23.25,13.4,112.69,18.84,2677.31,1.173,0
W001,2025-04-30 16:00:00,3813.3,24.21,14.3,111.96,17.57,2612.55,1.151,0
W001,2025-04-30 20:00:00,3837.7,19.39,15.37,115.3,18.31,2701.88,1.16,0
W001,2025-05-01 00:00:00,3862.0,29.89,12.95,111.1,18.95,2497.51,1.158,0
W001,2025-05-01 04:00:00,3886.4,21.38,11.91,118.05,18.1,2565.28,1.148,0
W001,2025-05-01 08:00:00,3910.7,13.84,13.84,116.7,16.57,2778.79,1.139,0
W001,2025-05-01 12:00:00,3935.1,19.6,14.03,110.87,17.89,2682.13,1.153,0
W001,2025-05-01 16:00:00,3959.5,21.4,12.34,116.81,16.87,2736.95,1.148,0
W001,2025-05-01 20:00:00,3983.8,17.9,14.77,118.0,22.12,2644.26,1.157,0
W001,2025-05-02 00:00:00,4008.2,22.11,14.88,111.96,15.89,2849.6,1.155,0
W001,2025-05-02 04:00:00,4032.6,25.14,14.54,114.82,17.69,2708.34,1.16,0
W001,2025-05-02 08:00:00,4056.9,25.09,12.21,115.65,15.99,2656.79,1.161,0
W001,2025-05-02 12:00:00,4081.3,16.62,16.49,107.84,17.93,2854.08,1.149,0
W001,2025-05-02 16:00:00,4105.6,15.59,12.73,109.75,13.9,2777.26,1.165,0
W001,2025-05-02 20:00:00,4130.0,25.93,11.72,105.41,17.27,2746.35,1.176,0
W002,2025-07-22 00:00:00,500.0,32.44,11.87,115.18,12.31,2399.5,1.101,0
W002,2025-07-22 04:00:00,526.7,36.9,12.61,103.6,15.14,2520.96,1.1,0
W002,2025-07-22 08:00:00,553.4,30.99,12.35,111.27,15.86,2338.33,1.091,0
W002,2025-07-22 12:00:00,580.1,32.49,9.61,122.73,14.24,2387.27,1.071,0
W002,2025-07-22 16:00:00,606.8,32.16,13.17,111.91,13.0,2391.77,1.114,0
W002,2025-07-22 20:00:00,633.6,25.65,9.34,112.27,13.52,2296.14,1.061,0
W002,2025-07-23 00:00:00,660.3,31.77,11.51,104.81,17.62,2523.93,1.082,0
W002,2025-07-23 04:00:00,687.0,33.5,10.14,116.09,13.5,2574.85,1.089,0
W002,2025-07-23 08:00:00,713.7,30.38,9.97,126.17,18.4,2525.29,1.109,0
W002,2025-07-23 12:00:00,740.4,28.13,12.24,114.96,17.36,2481.88,1.085,0
W002,2025-07-23 16:00:00,767.1,32.84,12.02,98.36,16.44,2345.52,1.082,0
W002,2025-07-23 20:00:00,793.8,27.47,10.8,117.88,12.54,2404.41,1.105,0
W002,2025-07-24 00:00:00,820.5,35.59,9.38,112.9,15.47,2493.53,1.092,0
W002,2025-07-24 04:00:00,847.2,33.6,8.09,107.48,15.63,2266.22,1.079,0
W002,2025-07-24 08:00:00,874.0,28.42,12.16,103.62,15.31,2489.1,1.095,0
W002,2025-07-24 12:00:00,900.7,28.89,11.6,113.85,17.5,2299.05,1.097,0
W002,2025-07-24 16:00:00,927.4,30.62,10.43,97.77,14.71,2483.03,1.11,0
W002,2025-07-24 20:00:00,954.1,31.06,9.35,117.37,13.97,2436.76,1.101,0
W002,2025-07-25 00:00:00,980.8,27.07,9.66,117.13,14.6,2332.26,1.086,0
W002,2025-07-25 04:00:00,1007.5,29.09,13.35,111.84,14.97,2419.97,1.083,0
W002,2025-07-25 08:00:00,1034.2,24.71,9.46,116.48,15.16,2476.98,1.102,0
W002,2025-07-25 12:00:00,1060.9,29.67,10.09,120.31,13.35,2316.77,1.11,0
W002,2025-07-25 16:00:00,1087.7,26.0,14.62,115.48,15.63,2346.88,1.097,0
W002,2025-07-25 20:00:00,1114.4,28.72,10.19,118.8,14.19,2514.15,1.142,0
W002,2025-07-26 00:00:00,1141.1,26.61,12.03,117.28,19.26,2418.08,1.09,0
W002,2025-07-26 04:00:00,1167.8,23.7,11.71,112.31,19.62,2587.74,1.088,0
W002,2025-07-26 08:00:00,1194.5,25.37,11.91,123.38,16.1,2373.14,1.103,0
W002,2025-07-26 12:00:00,1221.2,25.61,12.7,110.75,15.08,2538.91,1.093,0
W002,2025-07-26 16:00:00,1247.9,23.16,11.94,112.84,16.92,2465.84,1.104,0
W002,2025-07-26 20:00:00,1274.6,27.32,10.7,115.5,17.59,2352.6,1.105,0
W002,2025-07-27 00:00:00,1301.3,30.62,12.56,122.86,14.98,2278.38,1.109,0
W002,2025-07-27 04:00:00,1328.1,28.59,13.85,122.13,16.97,2514.97,1.104,0
W002,2025-07-27 08:00:00,1354.8,23.84,11.98,120.9,17.18,2524.07,1.101,0
W002,2025-07-27 12:00:00,1381.5,26.7,12.53,111.72,15.07,2478.78,1.119,0
W002,2025-07-27 16:00:00,1408.2,26.9,10.06,110.59,16.37,2472.14,1.112,0
W002,2025-07-27 20:00:00,1434.9,29.06,11.81,116.59,15.92,2561.22,1.13,0
W002,2025-07-28 00:00:00,1461.6,23.93,11.42,115.2,15.52,2622.14,1.113,0
W002,2025-07-28 04:00:00,1488.3,25.08,12.69,116.63,16.55,2626.42,1.115,0
W002,2025-07-28 08:00:00,1515.0,26.59,8.87,114.01,18.35,2458.45,1.077,0
W002,2025-07-28 12:00:00,1541.7,26.0,13.29,118.27,14.49,2418.72,1.105,0
W002,2025-07-28 16:00:00,1568.5,25.51,8.76,119.58,18.26,2335.87,1.13,0
W002,2025-07-28 20:00:00,1595.2,27.19,13.64,115.23,16.24,2508.99,1.1,0
W002,2025-07-29 00:00:00,1621.9,31.08,10.12,112.59,16.94,2432.58,1.124,0
W002,2025-07-29 04:00:00,1648.6,31.63,13.32,103.38,16.23,2573.93,1.093,0
W002,2025-07-29 08:00:00,1675.3,29.67,12.8,107.73,17.5,2508.83,1.123,0
W002,2025-07-29 12:00:00,1702.0,21.73,12.64,104.77,14.94,2530.62,1.131,3
W002,2025-07-29 16:00:00,1728.7,20.39,13.0,109.34,23.15,2602.25,1.108,3
W002,2025-07-29 20:00:00,1755.4,16.35,14.79,120.33,26.46,2678.21,1.109,3
W002,2025-07-30 00:00:00,1782.1,11.56,13.43,115.55,26.78,2619.37,1.092,3
W002,2025-07-30 04:00:00,1808.9,18.91,13.02,117.57,29.62,2705.97,1.119,3
W002,2025-07-30 08:00:00,1835.6,18.63,13.41,112.2,22.85,2579.3,1.122,3
W002,2025-07-30 12:00:00,1862.3,25.43,13.38,118.92,25.71,2372.67,1.107,3
W002,2025-07-30 16:00:00,1889.0,26.44,13.13,116.38,19.79,2407.61,1.136,0
W002,2025-07-30 20:00:00,1915.7,32.75,10.28,119.7,14.26,2513.44,1.114,0
W002,2025-07-31 00:00:00,1942.4,20.29,12.44,115.86,18.66,2568.67,1.153,0
W002,2025-07-31 04:00:00,1969.1,27.82,11.64,113.89,15.21,2317.91,1.116,0
W002,2025-07-31 08:00:00,1995.8,21.3,12.48,107.56,14.39,2459.3,1.117,0
W002,2025-07-31 12:00:00,2022.6,27.52,13.43,111.53,16.86,2768.26,1.126,0
W002,2025-07-31 16:00:00,2049.3,26.96,10.63,113.83,14.4,2549.6,1.123,0
W002,2025-07-31 20:00:00,2076.0,21.01,11.77,121.46,15.28,2469.6,1.101,0
W002,2025-08-01 00:00:00,2102.7,21.93,13.05,113.91,17.39,2669.11,1.136,0
W002,2025-08-01 04:00:00,2129.4,25.87,12.02,111.31,14.73,2565.09,1.11,0
W002,2025-08-01 08:00:00,2156.1,20.87,10.47,113.16,18.74,2492.99,1.131,0
W002,2025-08-01 12:00:00,2182.8,27.0,13.64,121.94,18.12,2384.05,1.127,0
W002,2025-08-01 16:00:00,2209.5,29.78,12.37,118.82,16.11,2476.02,1.099,0
W002,2025-08-01 20:00:00,2236.2,25.56,15.82,112.09,12.47,2611.93,1.138,0
W002,2025-08-02 00:00:00,2263.0,28.86,13.31,120.07,20.31,2481.83,1.111,0
W002,2025-08-02 04:00:00,2289.7,21.72,12.2,123.6,17.95,2595.85,1.099,0
W002,2025-08-02 08:00:00,2316.4,22.92,9.85,122.03,19.85,2624.96,1.112,0
W002,2025-08-02 12:00:00,2343.1,29.45,12.22,107.71,15.26,2519.03,1.128,0
W002,2025-08-02 16:00:00,2369.8,24.52,10.48,122.28,16.73,2496.44,1.144,0
W002,2025-08-02 20:00:00,2396.5,21.45,10.16,122.63,20.4,2522.03,1.127,0
W002,2025-08-03 00:00:00,2423.2,21.56,12.61,112.15,16.82,2603.39,1.112,0
W002,2025-08-03 04:00:00,2449.9,23.91,9.89,112.87,16.83,2590.1,1.133,0
W002,2025-08-03 08:00:00,2476.6,27.71,10.29,106.08,17.95,2388.92,1.132,0
W002,2025-08-03 12:00:00,2503.4,21.46,14.96,116.5,16.61,2685.86,1.114,0
W002,2025-08-03 16:00:00,2530.1,22.38,10.71,109.81,17.11,2622.76,1.145,0
W002,2025-08-03 20:00:00,2556.8,19.53,12.34,108.35,16.63,2791.32,1.136,0
W002,2025-08-04 00:00:00,2583.5,27.7,15.54,121.76,16.19,2469.36,1.131,0
W002,2025-08-04 04:00:00,2610.2,23.3,10.31,116.45,17.48,2746.34,1.127,0
W002,2025-08-04 08:00:00,2636.9,25.84,11.6,120.24,16.78,2484.53,1.133,0
W002,2025-08-04 12:00:00,2663.6,26.17,12.98,121.28,14.39,2517.15,1.143,0
W002,2025-08-04 16:00:00,2690.3,22.82,12.96,100.48,21.89,2571.66,1.152,0
W002,2025-08-04 20:00:00,2717.0,23.99,13.22,123.95,19.1,2580.47,1.132,0
W002,2025-08-05 00:00:00,2743.8,28.01,16.1,116.15,20.52,2580.09,1.149,0
W002,2025-08-05 04:00:00,2770.5,28.3,11.99,110.52,19.06,2556.91,1.122,0
W002,2025-08-05 08:00:00,2797.2,22.19,11.8,120.14,18.38,2588.76,1.13,2
W002,2025-08-05 12:00:00,2823.9,21.49,13.65,122.09,19.09,2460.81,1.097,2
W002,2025-08-05 16:00:00,2850.6,22.52,11.37,114.86,15.92,2123.48,1.084,2
W002,2025-08-05 20:00:00,2877.3,18.91,12.76,114.19,19.72,2182.46,1.059,2
W002,2025-08-06 00:00:00,2904.0,19.34,14.78,115.02,19.68,2076.87,1.056,2
W002,2025-08-06 04:00:00,2930.7,18.43,11.1,110.42,21.24,2076.87,1.065,2
W002,2025-08-06 08:00:00,2957.4,23.98,12.18,118.8,16.1,2270.24,1.09,2
W002,2025-08-06 12:00:00,2984.2,23.34,10.12,122.22,16.5,2468.13,1.112,2
W002,2025-08-06 16:00:00,3010.9,27.25,15.88,107.26,16.29,2564.87,1.112,2
W002,2025-08-06 20:00:00,3037.6,27.35,13.87,118.36,17.43,2757.41,1.123,0
W002,2025-08-07 00:00:00,3064.3,25.2,11.49,120.34,13.7,2634.54,1.146,0
W002,2025-08-07 04:00:00,3091.0,22.16,11.66,115.09,18.72,2547.05,1.129,0
W002,2025-08-07 08:00:00,3117.7,28.38,12.19,110.33,18.31,2599.01,1.158,0
W002,2025-08-07 12:00:00,3144.4,23.01,12.36,120.67,16.59,2713.93,1.142,0
W002,2025-08-07 16:00:00,3171.1,30.95,14.95,107.03,17.94,2575.35,1.146,0
W002,2025-08-07 20:00:00,3197.9,25.21,11.02,121.35,17.37,2626.14,1.137,0
W002,2025-08-08 00:00:00,3224.6,25.42,13.21,114.25,11.9,2656.22,1.123,0
W002,2025-08-08 04:00:00,3251.3,24.37,10.49,106.5,19.22,2628.83,1.139,0
W002,2025-08-08 08:00:00,3278.0,26.45,12.04,127.62,16.51,2693.44,1.16,0
W002,2025-08-08 12:00:00,3304.7,29.81,11.49,112.49,19.29,2736.42,1.162,0
W002,2025-08-08 16:00:00,3331.4,20.89,14.92,110.43,17.35,2653.11,1.133,0
W002,2025-08-08 20:00:00,3358.1,20.76,9.98,115.71,14.25,2567.35,1.144,0
W002,2025-08-09 00:00:00,3384.8,14.58,14.57,100.54,17.86,2673.68,1.156,0
W002,2025-08-09 04:00:00,3411.5,22.37,16.43,116.3,19.9,2610.16,1.15,0
W002,2025-08-09 08:00:00,3438.3,27.14,13.04,116.15,19.77,2611.41,1.116,0
W002,2025-08-09 12:00:00,3465.0,23.27,14.88,106.89,19.21,2742.07,1.115,0
W002,2025-08-09 16:00:00,3491.7,19.69,12.81,113.92,16.66,2612.35,1.175,0
W002,2025-08-09 20:00:00,3518.4,22.18,12.36,114.75,18.97,2691.67,1.147,0
W002,2025-08-10 00:00:00,3545.1,20.55,12.41,111.41,18.61,2600.48,1.157,0
W002,2025-08-10 04:00:00,3571.8,26.74,13.89,112.78,15.66,2834.93,1.134,0
W002,2025-08-10 08:00:00,3598.5,25.05,14.36,113.58,17.53,2530.62,1.157,0
W002,2025-08-10 12:00:00,3625.2,24.36,11.77,114.07,18.07,2751.39,1.153,0
W002,2025-08-10 16:00:00,3651.9,17.62,12.61,116.35,19.51,2646.13,1.186,0
W002,2025-08-10 20:00:00,3678.7,16.82,12.55,114.5,17.64,2593.76,1.16,0
W002,2025-08-11 00:00:00,3705.4,23.61,13.47,116.99,17.24,2562.03,1.143,0
W002,2025-08-11 04:00:00,3732.1,22.97,13.64,115.25,18.99,2658.23,1.155,0
W002,2025-08-11 08:00:00,3758.8,24.22,13.27,107.54,16.27,2788.24,1.176,0
W002,2025-08-11 12:00:00,3785.5,26.03,13.75,107.78,17.99,2857.01,1.165,0
W002,2025-08-11 16:00:00,3812.2,21.88,14.34,107.38,16.75,2621.77,1.163,0
W002,2025-08-11 20:00:00,3838.9,24.64,13.17,109.76,17.96,2678.49,1.145,0
W002,2025-08-12 00:00:00,3865.6,23.52,12.26,105.6,15.58,2580.93,1.161,0
W002,2025-08-12 04:00:00,3892.3,22.95,13.55,118.53,20.15,2674.85,1.164,0
W002,2025-08-12 08:00:00,3919.1,17.76,15.47,107.53,16.72,2677.3,1.135,0
W002,2025-08-12 12:00:00,3945.8,22.6,13.72,113.86,15.23,2912.54,1.167,0
W002,2025-08-12 16:00:00,3972.5,30.4,12.19,120.75,19.4,2710.82,1.181,0
W002,2025-08-12 20:00:00,3999.2,21.28,12.86,94.17,18.74,2620.62,1.152,0
W002,2025-08-13 00:00:00,4025.9,19.42,12.85,117.66,18.02,2806.72,1.18,0
W002,2025-08-13 04:00:00,4052.6,21.39,12.68,120.75,19.87,2812.44,1.147,0
W002,2025-08-13 08:00:00,4079.3,23.77,13.56,121.32,16.97,2598.73,1.172,0
W002,2025-08-13 12:00:00,4106.0,14.82,12.3,108.86,16.15,2684.25,1.18,0
W002,2025-08-13 16:00:00,4132.8,24.96,13.02,121.8,16.09,2646.76,1.176,0
W002,2025-08-13 20:00:00,4159.5,24.24,12.71,108.19,20.63,2602.73,1.154,0
W002,2025-08-14 00:00:00,4186.2,23.19,16.1,117.3,18.86,2709.23,1.172,0
W002,2025-08-14 04:00:00,4212.9,22.82,11.02,119.76,19.75,2835.72,1.165,0
W002,2025-08-14 08:00:00,4239.6,19.63,9.94,115.94,19.95,2855.95,1.177,0
W002,2025-08-14 12:00:00,4266.3,22.28,15.03,120.54,17.24,2830.19,1.157,0
W002,2025-08-14 16:00:00,4293.0,24.12,11.45,107.67,19.9,2856.61,1.175,0
W002,2025-08-14 20:00:00,4319.7,22.76,9.81,114.55,18.82,2727.04,1.156,0
W002,2025-08-15 00:00:00,4346.4,26.83,13.31,117.73,19.39,2687.98,1.17,0
W002,2025-08-15 04:00:00,4373.2,26.46,16.13,115.24,17.57,2805.26,1.171,0
W002,2025-08-15 08:00:00,4399.9,26.66,11.91,113.32,15.99,2692.9,1.174,0
W002,2025-08-15 12:00:00,4426.6,24.93,12.43,119.63,20.0,2961.05,1.17,0
W002,2025-08-15 16:00:00,4453.3,20.58,11.9,108.39,20.25,2653.5,1.187,0
W002,2025-08-15 20:00:00,4480.0,19.89,12.37,114.09,16.73,2876.68,1.197,0
W003,2025-07-16 00:00:00,500.0,28.03,9.7,114.15,15.57,2372.07,1.066,0
W003,2025-07-16 04:00:00,518.6,28.68,13.52,112.05,15.03,2349.24,1.114,0
W003,2025-07-16 08:00:00,537.2,33.87,12.21,109.16,15.65,2410.2,1.08,0
W003,2025-07-16 12:00:00,555.8,27.39,13.56,113.2,17.91,2450.87,1.097,0
W003,2025-07-16 16:00:00,574.4,31.36,8.9,116.24,17.55,2424.5,1.094,0
W003,2025-07-16 20:00:00,593.0,35.14,10.72,111.28,15.28,2434.21,1.066,0
W003,2025-07-17 00:00:00,611.5,30.85,12.22,113.38,16.99,2424.98,1.124,0
W003,2025-07-17 04:00:00,630.1,27.75,12.25,108.9,12.09,2186.12,1.101,0
W003,2025-07-17 08:00:00,648.7,30.55,10.28,104.36,13.76,2371.73,1.105,0
W003,2025-07-17 12:00:00,667.3,29.95,11.38,112.74,18.15,2281.76,1.083,0
W003,2025-07-17 16:00:00,685.9,28.52,11.81,108.77,15.24,2390.29,1.083,0
W003,2025-07-17 20:00:00,704.5,30.99,9.49,108.3,15.18,2228.12,1.062,0
W003,2025-07-18 00:00:00,723.1,31.6,12.57,112.2,13.8,2470.04,1.077,0
W003,2025-07-18 04:00:00,741.7,25.91,12.06,115.05,16.92,2188.96,1.074,0
W003,2025-07-18 08:00:00,760.3,30.04,11.63,120.08,15.31,2398.45,1.089,0
W003,2025-07-18 12:00:00,778.9,34.77,9.35,117.15,13.22,2433.8,1.08,0
W003,2025-07-18 16:00:00,797.4,32.23,11.17,125.47,14.49,2425.97,1.084,0
W003,2025-07-18 20:00:00,816.0,29.14,11.16,105.84,12.45,2443.75,1.094,0
W003,2025-07-19 00:00:00,834.6,25.72,10.69,110.81,16.2,2431.86,1.065,0
W003,2025-07-19 04:00:00,853.2,31.74,13.81,101.02,17.95,2488.82,1.097,0
W003,2025-07-19 08:00:00,871.8,23.61,13.32,113.55,16.99,2595.63,1.101,0
W003,2025-07-19 12:00:00,890.4,24.75,11.3,110.26,16.78,2325.4,1.091,0
W003,2025-07-19 16:00:00,909.0,23.65,11.6,116.06,11.17,2423.35,1.097,0
W003,2025-07-19 20:00:00,927.6,25.21,14.84,120.75,14.03,2477.48,1.117,0
W003,2025-07-20 00:00:00,946.2,27.9,12.34,117.03,12.25,2387.26,1.095,0
W003,2025-07-20 04:00:00,964.8,31.79,12.3,113.21,15.84,2498.23,1.097,0
W003,2025-07-20 08:00:00,983.4,25.41,11.39,120.64,16.89,2412.15,1.103,0
W003,2025-07-20 12:00:00,1001.9,25.82,11.51,111.02,15.47,2531.37,1.084,0
W003,2025-07-20 16:00:00,1020.5,25.43,9.92,106.17,15.66,2356.67,1.127,0
W003,2025-07-20 20:00:00,1039.1,26.65,13.73,120.81,15.62,2604.22,1.105,0
W003,2025-07-21 00:00:00,1057.7,32.04,13.89,117.49,17.35,2472.52,1.084,0
W003,2025-07-21 04:00:00,1076.3,27.67,13.41,124.16,14.7,2465.99,1.104,0
W003,2025-07-21 08:00:00,1094.9,27.15,12.33,116.31,16.97,2550.19,1.114,0
W003,2025-07-21 12:00:00,1113.5,28.43,14.6,121.66,15.83,2312.94,1.087,0
W003,2025-07-21 16:00:00,1132.1,30.3,10.85,108.95,14.64,2362.66,1.115,0
W003,2025-07-21 20:00:00,1150.7,27.03,9.74,115.19,16.4,2383.43,1.12,0
W003,2025-07-22 00:00:00,1169.3,26.24,13.46,118.58,17.67,2329.75,1.105,0
W003,2025-07-22 04:00:00,1187.9,27.34,9.67,121.63,14.53,2375.8,1.089,0
W003,2025-07-22 08:00:00,1206.4,29.6,9.51,118.71,17.88,2481.05,1.115,0
W003,2025-07-22 12:00:00,1225.0,29.78,10.38,123.61,15.17,2428.78,1.1,0
W003,2025-07-22 16:00:00,1243.6,28.97,10.99,115.4,13.78,2541.62,1.115,0
W003,2025-07-22 20:00:00,1262.2,26.62,11.1,118.87,14.73,2450.13,1.123,0
W003,2025-07-23 00:00:00,1280.8,25.07,12.35,116.89,15.82,2395.55,1.124,0
W003,2025-07-23 04:00:00,1299.4,25.71,9.08,118.84,13.84,2505.2,1.126,0
W003,2025-07-23 08:00:00,1318.0,29.39,13.41,127.12,17.74,2474.73,1.131,0
W003,2025-07-23 12:00:00,1336.6,32.76,14.45,112.05,13.56,2397.24,1.117,0
W003,2025-07-23 16:00:00,1355.2,27.98,11.49,118.36,13.35,2461.77,1.124,0
W003,2025-07-23 20:00:00,1373.8,29.15,12.84,124.58,15.88,2392.34,1.125,0
W003,2025-07-24 00:00:00,1392.3,31.01,12.64,114.04,16.0,2338.25,1.125,0
W003,2025-07-24 04:00:00,1410.9,30.73,9.83,120.21,16.73,2363.23,1.09,0
W003,2025-07-24 08:00:00,1429.5,28.62,11.2,125.92,17.71,2499.88,1.116,0
W003,2025-07-24 12:00:00,1448.1,31.49,13.07,118.0,14.24,2734.87,1.092,0
W003,2025-07-24 16:00:00,1466.7,26.56,9.32,118.23,16.27,2530.21,1.083,0
W003,2025-07-24 20:00:00,1485.3,30.84,10.59,114.11,17.68,2486.9,1.115,0
W003,2025-07-25 00:00:00,1503.9,29.9,12.44,112.95,15.7,2484.5,1.097,0
W003,2025-07-25 04:00:00,1522.5,30.49,12.23,115.45,18.15,2456.66,1.108,0
W003,2025-07-25 08:00:00,1541.1,26.05,12.31,116.85,14.8,2453.53,1.101,0
W003,2025-07-25 12:00:00,1559.7,25.39,9.21,113.61,12.94,2429.91,1.102,0
W003,2025-07-25 16:00:00,1578.3,30.66,10.28,110.43,15.31,2421.4,1.132,0
W003,2025-07-25 20:00:00,1596.8,24.08,11.23,116.99,17.59,2441.43,1.083,0
W003,2025-07-26 00:00:00,1615.4,27.05,13.83,116.69,16.43,2382.03,1.095,0
W003,2025-07-26 04:00:00,1634.0,27.55,9.66,119.69,14.48,2477.52,1.084,0
W003,2025-07-26 08:00:00,1652.6,23.82,10.82,101.07,17.98,2629.49,1.13,0
W003,2025-07-26 12:00:00,1671.2,27.05,11.98,119.84,19.2,2496.15,1.096,0
W003,2025-07-26 16:00:00,1689.8,23.5,15.15,114.55,11.02,2353.67,1.107,0
W003,2025-07-26 20:00:00,1708.4,28.11,12.19,121.33,16.05,2311.14,1.107,0
W003,2025-07-27 00:00:00,1727.0,26.03,12.99,107.47,16.37,2731.59,1.096,0
W003,2025-07-27 04:00:00,1745.6,26.98,9.45,120.18,15.39,2528.2,1.096,0
W003,2025-07-27 08:00:00,1764.2,25.87,11.24,110.71,17.8,2455.32,1.121,0
W003,2025-07-27 12:00:00,1782.8,24.43,12.7,117.67,16.37,2406.46,1.108,0
W003,2025-07-27 16:00:00,1801.3,28.59,12.77,109.93,17.72,2540.3,1.124,0
W003,2025-07-27 20:00:00,1819.9,18.49,12.34,110.94,20.23,2586.99,1.121,3
W003,2025-07-28 00:00:00,1838.5,22.57,15.03,114.15,22.14,2507.52,1.113,3
W003,2025-07-28 04:00:00,1857.1,14.97,13.75,110.6,25.81,2691.0,1.141,3
W003,2025-07-28 08:00:00,1875.7,12.01,13.53,126.64,25.52,2749.51,1.112,3
W003,2025-07-28 12:00:00,1894.3,7.67,19.22,116.33,30.04,2738.18,1.108,3
W003,2025-07-28 16:00:00,1912.9,12.31,14.59,122.2,28.92,2508.37,1.114,3
W003,2025-07-28 20:00:00,1931.5,12.37,13.51,111.72,27.52,2575.24,1.14,3
W003,2025-07-29 00:00:00,1950.1,19.48,13.32,119.52,20.06,2650.95,1.121,3
W003,2025-07-29 04:00:00,1968.7,20.93,15.67,115.83,19.35,2446.42,1.127,3
W003,2025-07-29 08:00:00,1987.2,27.09,10.41,107.97,19.06,2548.42,1.128,0
W003,2025-07-29 12:00:00,2005.8,22.11,11.13,120.95,18.87,2422.69,1.101,0
W003,2025-07-29 16:00:00,2024.4,24.67,11.4,110.08,14.75,2480.53,1.103,0
W003,2025-07-29 20:00:00,2043.0,21.71,13.05,114.67,17.87,2376.32,1.121,0
W003,2025-07-30 00:00:00,2061.6,31.23,12.04,119.95,18.47,2604.65,1.124,0
W003,2025-07-30 04:00:00,2080.2,26.7,13.65,118.81,14.99,2375.16,1.098,0
W003,2025-07-30 08:00:00,2098.8,24.19,13.49,108.37,18.66,2485.66,1.115,0
W003,2025-07-30 12:00:00,2117.4,22.49,9.77,116.38,20.08,2527.27,1.095,0
W003,2025-07-30 16:00:00,2136.0,27.34,10.16,107.75,16.57,2546.01,1.108,0
W003,2025-07-30 20:00:00,2154.6,24.17,13.67,120.11,19.25,2708.85,1.135,0
W003,2025-07-31 00:00:00,2173.2,24.35,13.89,117.8,17.91,2555.0,1.11,0
W003,2025-07-31 04:00:00,2191.7,21.92,12.45,115.89,15.78,2579.19,1.155,0
W003,2025-07-31 08:00:00,2210.3,19.77,13.47,114.6,17.81,2504.37,1.122,0
W003,2025-07-31 12:00:00,2228.9,25.39,12.15,105.88,16.58,2417.7,1.134,0
W003,2025-07-31 16:00:00,2247.5,19.4,14.14,117.58,17.78,2352.44,1.12,0
W003,2025-07-31 20:00:00,2266.1,28.46,11.82,108.53,15.85,2543.13,1.113,0
W003,2025-08-01 00:00:00,2284.7,28.7,12.5,111.67,14.66,2594.92,1.133,0
W003,2025-08-01 04:00:00,2303.3,22.62,9.25,117.46,16.66,2583.61,1.155,0
W003,2025-08-01 08:00:00,2321.9,24.92,11.83,108.12,16.44,2569.86,1.127,0
W003,2025-08-01 12:00:00,2340.5,30.17,13.35,114.19,15.73,2581.45,1.113,0
W003,2025-08-01 16:00:00,2359.1,25.54,13.33,113.7,15.87,2362.82,1.144,0
W003,2025-08-01 20:00:00,2377.7,26.21,13.24,105.63,19.48,2519.67,1.123,0
W003,2025-08-02 00:00:00,2396.2,21.79,9.92,121.94,19.32,2548.69,1.118,0
W003,2025-08-02 04:00:00,2414.8,23.87,12.08,107.8,16.47,2579.41,1.144,0
W003,2025-08-02 08:00:00,2433.4,25.04,10.24,117.12,16.54,2691.01,1.15,0
W003,2025-08-02 12:00:00,2452.0,29.39,11.76,126.94,17.63,2716.1,1.122,0
W003,2025-08-02 16:00:00,2470.6,21.6,13.81,115.91,20.26,2550.87,1.147,0
W003,2025-08-02 20:00:00,2489.2,24.7,13.08,118.93,17.15,2785.33,1.09,0
W003,2025-08-03 00:00:00,2507.8,24.52,10.75,113.65,17.85,2711.54,1.12,0
W003,2025-08-03 04:00:00,2526.4,26.42,11.63,123.08,17.15,2584.51,1.125,0
W003,2025-08-03 08:00:00,2545.0,26.35,15.03,117.66,15.93,2515.59,1.115,0
W003,2025-08-03 12:00:00,2563.6,15.12,15.29,113.03,17.77,2646.3,1.114,2
W003,2025-08-03 16:00:00,2582.1,18.78,13.06,108.2,19.34,2418.54,1.105,2
W003,2025-08-03 20:00:00,2600.7,18.71,13.24,115.5,18.27,2333.29,1.099,2
W003,2025-08-04 00:00:00,2619.3,18.96,13.45,110.94,21.6,2267.93,1.077,2
W003,2025-08-04 04:00:00,2637.9,19.55,13.29,104.6,21.0,2060.77,1.083,2
W003,2025-08-04 08:00:00,2656.5,17.05,14.57,111.22,20.96,2181.68,1.054,2
W003,2025-08-04 12:00:00,2675.1,15.73,14.38,118.81,20.01,1865.57,1.044,2
W003,2025-08-04 16:00:00,2693.7,19.81,12.24,114.93,19.65,1902.95,1.048,2
W003,2025-08-04 20:00:00,2712.3,20.54,9.84,116.51,18.25,2215.46,1.081,2
W003,2025-08-05 00:00:00,2730.9,18.99,13.15,110.16,17.37,2424.31,1.074,2
W003,2025-08-05 04:00:00,2749.5,25.2,12.11,118.15,17.15,2429.04,1.098,2
W003,2025-08-05 08:00:00,2768.1,20.36,14.32,112.19,16.15,2541.14,1.099,2
W003,2025-08-05 12:00:00,2786.6,23.41,14.86,112.75,20.51,2579.55,1.115,2
W003,2025-08-05 16:00:00,2805.2,26.7,11.69,112.74,17.63,2663.05,1.153,0
W003,2025-08-05 20:00:00,2823.8,25.66,13.74,113.32,14.71,2492.35,1.163,0
W003,2025-08-06 00:00:00,2842.4,16.99,12.22,121.87,18.38,2696.19,1.145,0
W003,2025-08-06 04:00:00,2861.0,26.91,13.84,118.98,16.7,2667.48,1.131,0
W003,2025-08-06 08:00:00,2879.6,21.14,14.74,120.41,21.04,2762.85,1.151,0
W003,2025-08-06 12:00:00,2898.2,17.34,16.14,120.51,16.62,2684.4,1.122,0
W003,2025-08-06 16:00:00,2916.8,24.36,11.43,110.15,19.28,2717.41,1.143,0
W003,2025-08-06 20:00:00,2935.4,21.64,10.23,113.75,18.96,2594.38,1.138,0
W003,2025-08-07 00:00:00,2954.0,21.94,12.92,115.46,17.51,2754.83,1.106,0
W003,2025-08-07 04:00:00,2972.6,20.86,12.09,116.31,18.14,2772.98,1.169,0
W003,2025-08-07 08:00:00,2991.1,20.18,13.4,116.18,16.56,2685.58,1.136,0
W003,2025-08-07 12:00:00,3009.7,19.3,12.98,109.01,19.87,2802.21,1.144,0
W003,2025-08-07 16:00:00,3028.3,22.83,13.63,122.09,20.09,2622.71,1.144,0
W003,2025-08-07 20:00:00,3046.9,24.46,11.69,122.28,21.12,2740.01,1.122,0
W003,2025-08-08 00:00:00,3065.5,16.59,14.46,110.44,18.52,2775.37,1.131,0
W003,2025-08-08 04:00:00,3084.1,21.37,13.82,107.21,16.64,2641.49,1.137,0
W003,2025-08-08 08:00:00,3102.7,24.33,17.55,115.59,16.48,2768.94,1.118,0
W003,2025-08-08 12:00:00,3121.3,18.33,12.51,113.3,16.89,2640.5,1.147,0
W003,2025-08-08 16:00:00,3139.9,25.71,13.54,111.63,19.83,2571.79,1.118,0
W003,2025-08-08 20:00:00,3158.5,26.12,15.11,110.25,17.28,2564.91,1.148,0
W003,2025-08-09 00:00:00,3177.0,27.7,14.45,121.21,19.48,2649.46,1.16,0
W003,2025-08-09 04:00:00,3195.6,24.74,15.56,112.24,14.87,2745.59,1.149,0
W003,2025-08-09 08:00:00,3214.2,21.61,13.04,130.33,16.84,2576.77,1.146,0
W003,2025-08-09 12:00:00,3232.8,26.04,16.82,118.94,15.71,2832.99,1.144,0
W003,2025-08-09 16:00:00,3251.4,19.99,11.78,120.02,18.43,2688.71,1.164,0
W003,2025-08-09 20:00:00,3270.0,20.09,15.45,111.89,21.9,2713.59,1.132,0
W004,2025-05-20 00:00:00,500.0,27.98,10.4,126.95,13.5,2305.49,1.088,0
W004,2025-05-20 04:00:00,526.8,32.52,11.31,107.24,14.04,2303.28,1.089,0
W004,2025-05-20 08:00:00,553.6,31.28,11.63,104.34,16.92,2383.62,1.112,0
W004,2025-05-20 12:00:00,580.3,31.33,12.65,117.8,17.42,2410.84,1.09,0
W004,2025-05-20 16:00:00,607.1,36.82,12.33,118.44,12.7,2250.83,1.097,0
W004,2025-05-20 20:00:00,633.9,30.44,10.08,115.85,17.86,2432.31,1.076,0
W004,2025-05-21 00:00:00,660.7,29.67,9.79,112.67,14.26,2329.69,1.074,0
W004,2025-05-21 04:00:00,687.4,29.62,10.16,97.42,18.7,2473.61,1.088,0
W004,2025-05-21 08:00:00,714.2,30.06,9.24,125.17,18.42,2392.67,1.11,0
W004,2025-05-21 12:00:00,741.0,30.53,8.99,112.53,15.24,2340.6,1.092,0
W004,2025-05-21 16:00:00,767.8,29.73,10.88,115.31,13.09,2319.92,1.076,0
W004,2025-05-21 20:00:00,794.6,32.93,7.84,121.92,17.5,2360.21,1.057,0
W004,2025-05-22 00:00:00,821.3,28.92,10.9,108.94,14.07,2528.07,1.106,0
W004,2025-05-22 04:00:00,848.1,27.23,8.6,113.04,14.62,2437.95,1.089,0
W004,2025-05-22 08:00:00,874.9,31.53,13.9,119.89,14.91,2379.76,1.092,0
W004,2025-05-22 12:00:00,901.7,33.54,10.06,115.27,15.09,2354.02,1.077,0
W004,2025-05-22 16:00:00,928.5,30.97,10.91,118.0,14.04,2512.0,1.085,0
W004,2025-05-22 20:00:00,955.2,35.14,8.38,117.61,15.86,2333.48,1.105,0
W004,2025-05-23 00:00:00,982.0,33.84,7.67,118.02,10.51,2321.11,1.124,0
W004,2025-05-23 04:00:00,1008.8,28.25,9.24,113.81,18.72,2246.12,1.084,0
W004,2025-05-23 08:00:00,1035.6,34.49,13.79,114.38,12.77,2602.54,1.125,0
W004,2025-05-23 12:00:00,1062.3,32.04,9.78,114.71,14.71,2446.64,1.123,0
W004,2025-05-23 16:00:00,1089.1,32.64,9.38,123.26,15.56,2481.64,1.124,0
W004,2025-05-23 20:00:00,1115.9,26.67,10.95,111.81,12.18,2453.95,1.14,0
W004,2025-05-24 00:00:00,1142.7,21.98,11.75,118.84,16.22,2415.51,1.083,0
W004,2025-05-24 04:00:00,1169.5,28.2,10.66,101.86,18.15,2514.9,1.104,0
W004,2025-05-24 08:00:00,1196.2,28.19,13.41,116.35,17.63,2404.81,1.124,0
W004,2025-05-24 12:00:00,1223.0,28.46,12.09,107.38,16.52,2359.66,1.095,0
W004,2025-05-24 16:00:00,1249.8,25.05,10.2,127.75,18.4,2610.31,1.087,0
W004,2025-05-24 20:00:00,1276.6,27.71,9.86,110.83,14.35,2551.99,1.1,0
W004,2025-05-25 00:00:00,1303.4,30.71,12.71,128.82,13.34,2556.7,1.123,0
W004,2025-05-25 04:00:00,1330.1,24.58,13.31,117.02,15.59,2372.16,1.096,0
W004,2025-05-25 08:00:00,1356.9,33.65,11.8,119.69,14.58,2379.07,1.123,0
W004,2025-05-25 12:00:00,1383.7,23.45,11.18,115.2,16.2,2436.09,1.114,0
W004,2025-05-25 16:00:00,1410.5,29.58,12.9,109.09,15.49,2562.68,1.122,0
W004,2025-05-25 20:00:00,1437.2,23.38,12.33,103.13,16.08,2628.9,1.095,0
W004,2025-05-26 00:00:00,1464.0,22.15,13.56,105.74,17.15,2545.2,1.1,3
W004,2025-05-26 04:00:00,1490.8,22.84,13.91,116.6,22.48,2571.17,1.108,3
W004,2025-05-26 08:00:00,1517.6,14.28,14.04,109.06,27.22,2519.6,1.094,3
W004,2025-05-26 12:00:00,1544.4,14.14,15.97,112.41,28.5,2669.45,1.118,3
W004,2025-05-26 16:00:00,1571.1,16.22,14.86,115.04,22.59,2612.93,1.145,3
W004,2025-05-26 20:00:00,1597.9,18.42,13.84,116.87,25.44,2436.44,1.123,3
W004,2025-05-27 00:00:00,1624.7,24.23,12.92,121.18,20.11,2406.33,1.125,3
W004,2025-05-27 04:00:00,1651.5,27.72,11.91,114.1,18.15,2474.13,1.096,0
W004,2025-05-27 08:00:00,1678.3,26.32,12.07,122.38,17.09,2408.06,1.151,0
W004,2025-05-27 12:00:00,1705.0,28.29,13.71,114.09,16.96,2563.11,1.132,0
W004,2025-05-27 16:00:00,1731.8,30.67,13.11,113.11,14.97,2520.43,1.129,0
W004,2025-05-27 20:00:00,1758.6,26.83,13.4,123.72,14.35,2418.12,1.113,0
W004,2025-05-28 00:00:00,1785.4,28.42,11.01,123.11,16.76,2499.94,1.094,0
W004,2025-05-28 04:00:00,1812.1,23.55,12.22,102.2,17.82,2485.1,1.165,0
W004,2025-05-28 08:00:00,1838.9,34.42,11.53,114.36,17.79,2655.57,1.092,0
W004,2025-05-28 12:00:00,1865.7,22.14,10.87,118.5,16.89,2601.51,1.099,0
W004,2025-05-28 16:00:00,1892.5,20.55,13.09,110.03,12.37,2521.23,1.13,0
W004,2025-05-28 20:00:00,1919.3,27.13,11.11,114.04,15.33,2389.79,1.108,0
W004,2025-05-29 00:00:00,1946.0,29.06,12.28,116.01,14.21,2497.73,1.086,0
W004,2025-05-29 04:00:00,1972.8,28.04,13.94,106.16,14.95,2546.63,1.138,0
W004,2025-05-29 08:00:00,1999.6,26.16,10.76,103.19,16.19,2703.74,1.124,0
W004,2025-05-29 12:00:00,2026.4,27.43,12.28,114.93,14.54,2597.0,1.124,0
W004,2025-05-29 16:00:00,2053.2,27.55,10.34,122.82,17.2,2476.08,1.136,0
W004,2025-05-29 20:00:00,2079.9,26.01,10.63,110.44,12.81,2571.23,1.094,0
W004,2025-05-30 00:00:00,2106.7,23.81,8.69,114.48,15.73,2502.34,1.106,0
W004,2025-05-30 04:00:00,2133.5,23.98,12.5,111.7,16.57,2455.01,1.125,0
W004,2025-05-30 08:00:00,2160.3,31.41,12.68,112.53,16.46,2515.97,1.123,0
W004,2025-05-30 12:00:00,2187.0,26.52,11.55,116.27,14.21,2449.15,1.103,0
W004,2025-05-30 16:00:00,2213.8,22.7,9.97,115.96,14.39,2589.75,1.125,0
W004,2025-05-30 20:00:00,2240.6,21.59,12.78,119.86,14.21,2584.28,1.112,0
W004,2025-05-31 00:00:00,2267.4,25.29,10.7,104.24,16.31,2538.28,1.119,0
W004,2025-05-31 04:00:00,2294.2,21.45,12.0,116.62,16.92,2568.78,1.116,0
W004,2025-05-31 08:00:00,2320.9,28.52,10.84,117.93,19.13,2598.59,1.123,0
W004,2025-05-31 12:00:00,2347.7,23.42,14.15,106.46,15.25,2522.47,1.146,0
W004,2025-05-31 16:00:00,2374.5,26.14,11.15,113.14,15.89,2497.31,1.142,0
W004,2025-05-31 20:00:00,2401.3,20.88,15.01,119.97,18.96,2522.48,1.126,0
W004,2025-06-01 00:00:00,2428.1,20.7,11.81,117.96,19.33,2467.44,1.123,0
W004,2025-06-01 04:00:00,2454.8,24.55,10.51,118.55,15.7,2552.45,1.122,0
W004,2025-06-01 08:00:00,2481.6,22.63,12.59,113.71,16.33,2507.42,1.134,0
W004,2025-06-01 12:00:00,2508.4,29.96,12.81,120.98,14.5,2590.12,1.114,0
W004,2025-06-01 16:00:00,2535.2,20.57,11.49,122.15,18.71,2600.74,1.108,0
W004,2025-06-01 20:00:00,2561.9,24.41,13.05,116.05,13.68,2501.69,1.13,0
W004,2025-06-02 00:00:00,2588.7,26.61,9.31,114.03,17.26,2661.22,1.142,0
W004,2025-06-02 04:00:00,2615.5,26.75,11.4,103.55,16.29,2677.85,1.153,0
W004,2025-06-02 08:00:00,2642.3,27.13,13.24,117.28,16.0,2578.95,1.158,0
W004,2025-06-02 12:00:00,2669.1,22.17,15.02,113.07,19.39,2466.98,1.142,0
W004,2025-06-02 16:00:00,2695.8,22.79,10.48,116.31,18.82,2520.5,1.111,0
W004,2025-06-02 20:00:00,2722.6,24.72,12.47,118.29,18.71,2594.14,1.162,0
W004,2025-06-03 00:00:00,2749.4,25.67,12.08,105.33,16.53,2572.16,1.149,0
W004,2025-06-03 04:00:00,2776.2,26.39,10.83,116.03,18.21,2742.9,1.149,0
W004,2025-06-03 08:00:00,2803.0,27.28,12.69,117.33,19.25,2488.37,1.131,0
W004,2025-06-03 12:00:00,2829.7,22.68,13.17,122.38,15.93,2396.14,1.13,0
W004,2025-06-03 16:00:00,2856.5,27.74,13.41,117.57,16.5,2499.1,1.145,0
W004,2025-06-03 20:00:00,2883.3,22.5,15.88,118.42,15.95,2562.14,1.136,0
W004,2025-06-04 00:00:00,2910.1,24.28,14.28,116.12,15.68,2790.25,1.139,0
W004,2025-06-04 04:00:00,2936.8,27.31,11.69,117.18,17.56,2452.98,1.169,0
W004,2025-06-04 08:00:00,2963.6,28.87,12.0,108.39,17.63,2633.8,1.145,0
W004,2025-06-04 12:00:00,2990.4,25.57,13.36,123.68,18.02,2534.48,1.16,0
W004,2025-06-04 16:00:00,3017.2,29.92,17.33,108.26,17.44,2444.5,1.149,0
W004,2025-06-04 20:00:00,3044.0,23.36,15.49,110.35,13.96,2592.42,1.111,0
W004,2025-06-05 00:00:00,3070.7,27.25,9.5,115.17,13.26,2608.95,1.166,0
W004,2025-06-05 04:00:00,3097.5,26.08,11.3,114.81,17.03,2683.26,1.121,0
W004,2025-06-05 08:00:00,3124.3,26.78,8.54,111.22,16.12,2700.67,1.143,0
W004,2025-06-05 12:00:00,3151.1,20.78,11.12,116.19,16.86,2594.5,1.136,0
W004,2025-06-05 16:00:00,3177.9,27.09,11.82,114.47,20.91,2521.43,1.116,0
W004,2025-06-05 20:00:00,3204.6,27.35,11.58,113.09,15.59,2629.13,1.168,0
W004,2025-06-06 00:00:00,3231.4,27.41,13.89,106.5,14.93,2399.94,1.132,0
W004,2025-06-06 04:00:00,3258.2,27.87,13.38,113.67,16.96,2596.4,1.148,0
W004,2025-06-06 08:00:00,3285.0,27.3,10.18,116.8,18.68,2623.99,1.156,0
W004,2025-06-06 12:00:00,3311.7,33.44,12.44,117.36,15.67,2680.6,1.153,0
W004,2025-06-06 16:00:00,3338.5,25.58,11.07,116.24,19.63,2707.61,1.161,0
W004,2025-06-06 20:00:00,3365.3,24.29,13.72,116.68,15.29,2698.85,1.132,0
W004,2025-06-07 00:00:00,3392.1,20.6,13.68,116.78,15.86,2767.99,1.156,0
W004,2025-06-07 04:00:00,3418.9,20.39,11.09,114.13,17.2,2686.26,1.143,0
W004,2025-06-07 08:00:00,3445.6,16.48,12.82,113.17,19.14,2616.18,1.174,0
W004,2025-06-07 12:00:00,3472.4,16.77,15.37,113.65,19.55,2689.15,1.167,0
W004,2025-06-07 16:00:00,3499.2,21.34,11.75,123.52,17.8,2704.85,1.169,0
W004,2025-06-07 20:00:00,3526.0,19.4,14.29,111.46,17.76,2694.36,1.128,0
W004,2025-06-08 00:00:00,3552.8,20.16,15.43,120.32,17.89,2712.68,1.147,0
W004,2025-06-08 04:00:00,3579.5,26.57,13.1,116.39,20.06,2623.78,1.175,0
W004,2025-06-08 08:00:00,3606.3,17.91,15.84,112.76,17.56,2526.59,1.145,0
W004,2025-06-08 12:00:00,3633.1,19.38,12.49,114.18,19.72,2718.32,1.157,0
W004,2025-06-08 16:00:00,3659.9,19.21,12.08,125.79,16.68,2851.64,1.15,0
W004,2025-06-08 20:00:00,3686.6,22.51,15.01,122.63,17.8,2670.59,1.153,0
W004,2025-06-09 00:00:00,3713.4,23.51,14.74,115.03,19.11,2855.93,1.16,0
W004,2025-06-09 04:00:00,3740.2,23.43,11.12,99.22,18.7,2702.89,1.147,0
W004,2025-06-09 08:00:00,3767.0,23.23,13.31,121.77,18.15,2647.14,1.17,0
W004,2025-06-09 12:00:00,3793.8,21.85,14.19,112.14,16.83,2724.89,1.156,0
W004,2025-06-09 16:00:00,3820.5,23.94,13.0,103.98,17.22,2791.7,1.152,0
W004,2025-06-09 20:00:00,3847.3,21.76,14.88,110.73,15.22,2708.75,1.15,0
W004,2025-06-10 00:00:00,3874.1,19.6,13.14,117.95,17.98,2753.78,1.185,0
W004,2025-06-10 04:00:00,3900.9,21.47,13.82,111.94,16.48,2676.45,1.151,0
W004,2025-06-10 08:00:00,3927.7,23.58,16.92,110.7,17.25,2726.36,1.164,0
W004,2025-06-10 12:00:00,3954.4,23.29,15.33,100.44,13.7,2690.36,1.176,0
W004,2025-06-10 16:00:00,3981.2,17.8,8.89,118.43,18.44,2639.81,1.145,0
W004,2025-06-10 20:00:00,4008.0,19.59,13.57,111.24,18.89,2483.96,1.147,0
W004,2025-06-11 00:00:00,4034.8,19.12,13.02,111.77,19.44,2576.48,1.161,0
W004,2025-06-11 04:00:00,4061.5,24.18,16.18,112.11,18.58,2584.42,1.125,0
W004,2025-06-11 08:00:00,4088.3,25.03,13.39,122.07,15.53,2796.51,1.19,0
W004,2025-06-11 12:00:00,4115.1,23.76,13.81,115.05,15.17,2874.66,1.153,0
W004,2025-06-11 16:00:00,4141.9,19.34,12.27,106.5,24.71,2769.05,1.185,1
W004,2025-06-11 20:00:00,4168.7,5.65,17.69,108.01,29.9,2869.17,1.14,1
W004,2025-06-12 00:00:00,4195.4,9.82,19.17,108.79,35.56,2964.76,1.167,1
W004,2025-06-12 04:00:00,4222.2,2.0,20.95,102.98,43.36,2976.19,1.151,1
W004,2025-06-12 08:00:00,4249.0,2.37,19.57,107.39,31.89,2996.11,1.169,1
W004,2025-06-12 12:00:00,4275.8,7.81,17.75,110.76,23.76,2756.42,1.149,1
W004,2025-06-12 16:00:00,4302.6,17.52,13.72,107.78,19.42,2850.74,1.197,1
W004,2025-06-12 20:00:00,4329.3,25.98,14.86,110.33,18.37,2735.04,1.169,0
W004,2025-06-13 00:00:00,4356.1,27.03,14.31,118.05,17.23,2645.61,1.164,0
W004,2025-06-13 04:00:00,4382.9,26.12,11.11,108.67,18.23,2693.5,1.156,0
W004,2025-06-13 08:00:00,4409.7,21.23,11.35,109.16,19.27,2667.4,1.144,0
W004,2025-06-13 12:00:00,4436.4,20.61,14.5,113.82,17.16,2792.0,1.143,0
W004,2025-06-13 16:00:00,4463.2,23.98,13.98,112.54,19.81,2689.48,1.186,0
W004,2025-06-13 20:00:00,4490.0,22.96,12.9,114.88,17.81,2903.73,1.154,0
W005,2025-01-22 00:00:00,500.0,28.61,8.91,116.64,13.89,2358.54,1.106,0
W005,2025-01-22 04:00:00,529.5,25.04,11.4,119.56,16.45,2235.52,1.097,0
W005,2025-01-22 08:00:00,558.9,33.61,11.51,114.31,17.05,2298.99,1.068,0
W005,2025-01-22 12:00:00,588.4,29.4,11.8,121.23,15.95,2439.95,1.107,0
W005,2025-01-22 16:00:00,617.9,28.98,10.78,122.72,12.82,2406.59,1.082,0
W005,2025-01-22 20:00:00,647.3,33.3,10.97,115.05,18.11,2274.36,1.096,0
W005,2025-01-23 00:00:00,676.8,29.46,11.8,126.58,13.91,2266.68,1.081,0
W005,2025-01-23 04:00:00,706.2,29.3,11.1,115.69,18.24,2523.92,1.114,0
W005,2025-01-23 08:00:00,735.7,37.54,12.24,121.65,16.45,2438.61,1.101,0
W005,2025-01-23 12:00:00,765.2,28.81,9.13,114.22,16.02,2390.67,1.079,0
W005,2025-01-23 16:00:00,794.6,29.5,10.67,114.63,15.88,2450.97,1.088,0
W005,2025-01-23 20:00:00,824.1,32.94,12.7,116.92,16.2,2479.23,1.08,0
W005,2025-01-24 00:00:00,853.6,33.16,9.81,110.84,15.35,2200.93,1.1,0
W005,2025-01-24 04:00:00,883.0,32.95,8.53,121.53,13.74,2415.75,1.089,0
W005,2025-01-24 08:00:00,912.5,31.72,12.54,118.88,14.99,2357.55,1.097,0
W005,2025-01-24 12:00:00,941.9,31.97,12.04,118.3,12.69,2401.54,1.089,0
W005,2025-01-24 16:00:00,971.4,31.99,9.85,117.71,14.49,2237.74,1.113,0
W005,2025-01-24 20:00:00,1000.9,27.89,13.35,105.01,14.38,2412.41,1.104,3
W005,2025-01-25 00:00:00,1030.3,25.69,15.14,117.85,20.6,2353.01,1.089,3
W005,2025-01-25 04:00:00,1059.8,17.11,14.96,118.2,28.26,2449.36,1.102,3
W005,2025-01-25 08:00:00,1089.3,9.33,15.08,117.98,25.72,2578.19,1.092,3
W005,2025-01-25 12:00:00,1118.7,17.74,12.08,110.7,23.91,2582.18,1.061,3
W005,2025-01-25 16:00:00,1148.2,20.8,10.7,111.85,21.57,2470.65,1.087,3
W005,2025-01-25 20:00:00,1177.7,25.26,10.33,116.71,16.14,2396.28,1.06,3
W005,2025-01-26 00:00:00,1207.1,30.49,12.03,114.52,14.14,2639.17,1.099,0
W005,2025-01-26 04:00:00,1236.6,29.34,9.8,108.46,17.17,2530.03,1.099,0
W005,2025-01-26 08:00:00,1266.0,21.95,11.55,116.14,16.18,2388.56,1.103,0
W005,2025-01-26 12:00:00,1295.5,25.25,10.13,119.53,16.18,2428.94,1.098,0
W005,2025-01-26 16:00:00,1325.0,26.96,12.04,125.37,17.18,2385.78,1.097,0
W005,2025-01-26 20:00:00,1354.4,25.06,11.5,110.13,16.85,2211.07,1.115,0
W005,2025-01-27 00:00:00,1383.9,28.33,13.69,120.26,14.77,2521.02,1.105,0
W005,2025-01-27 04:00:00,1413.4,21.7,12.04,111.25,16.0,2604.1,1.112,0
W005,2025-01-27 08:00:00,1442.8,24.45,13.25,117.18,13.96,2314.15,1.094,0
W005,2025-01-27 12:00:00,1472.3,30.01,11.35,115.49,13.59,2539.64,1.079,0
W005,2025-01-27 16:00:00,1501.7,25.53,12.43,108.26,17.11,2386.96,1.092,0
W005,2025-01-27 20:00:00,1531.2,31.36,12.03,118.11,17.83,2232.7,1.12,0
W005,2025-01-28 00:00:00,1560.7,25.22,10.86,117.62,15.35,2525.18,1.111,0
W005,2025-01-28 04:00:00,1590.1,28.0,11.06,108.61,14.67,2465.66,1.139,0
W005,2025-01-28 08:00:00,1619.6,31.92,10.82,115.36,15.48,2489.88,1.116,0
W005,2025-01-28 12:00:00,1649.1,29.08,7.45,117.2,15.28,2417.95,1.125,0
W005,2025-01-28 16:00:00,1678.5,31.9,12.83,111.89,14.06,2214.08,1.116,0
W005,2025-01-28 20:00:00,1708.0,29.24,11.65,120.6,13.62,2472.47,1.11,0
W005,2025-01-29 00:00:00,1737.4,27.17,13.55,114.37,15.47,2406.82,1.135,0
W005,2025-01-29 04:00:00,1766.9,23.21,10.97,125.16,16.84,2492.54,1.116,0
W005,2025-01-29 08:00:00,1796.4,24.66,11.7,112.9,16.32,2362.04,1.122,0
W005,2025-01-29 12:00:00,1825.8,30.55,11.49,118.88,16.56,2446.15,1.101,0
W005,2025-01-29 16:00:00,1855.3,24.74,12.24,114.66,18.3,2575.26,1.129,0
W005,2025-01-29 20:00:00,1884.8,28.29,10.36,116.95,16.11,2404.87,1.136,0
W005,2025-01-30 00:00:00,1914.2,30.81,10.08,111.17,15.01,2565.45,1.126,0
W005,2025-01-30 04:00:00,1943.7,27.63,12.21,107.27,16.69,2504.73,1.109,0
W005,2025-01-30 08:00:00,1973.2,22.9,11.84,117.14,12.94,2518.71,1.121,0
W005,2025-01-30 12:00:00,2002.6,25.84,12.37,114.2,16.51,2568.37,1.128,0
W005,2025-01-30 16:00:00,2032.1,30.55,12.31,112.14,14.83,2427.83,1.123,0
W005,2025-01-30 20:00:00,2061.5,31.46,11.26,117.7,14.65,2544.3,1.14,0
W005,2025-01-31 00:00:00,2091.0,29.56,9.44,118.42,17.11,2545.62,1.132,0
W005,2025-01-31 04:00:00,2120.5,25.0,11.89,121.66,17.84,2582.58,1.109,0
W005,2025-01-31 08:00:00,2149.9,24.38,11.97,116.08,15.82,2464.06,1.13,0
W005,2025-01-31 12:00:00,2179.4,27.83,12.23,118.56,15.51,2495.75,1.14,0
W005,2025-01-31 16:00:00,2208.9,25.23,11.1,122.41,15.02,2534.1,1.118,0
W005,2025-01-31 20:00:00,2238.3,22.15,11.62,108.94,16.46,2645.72,1.092,0
W005,2025-02-01 00:00:00,2267.8,26.28,12.48,101.9,18.41,2583.65,1.142,0
W005,2025-02-01 04:00:00,2297.2,25.81,11.14,114.03,19.85,2671.33,1.128,0
W005,2025-02-01 08:00:00,2326.7,28.26,12.75,129.35,16.69,2560.07,1.121,0
W005,2025-02-01 12:00:00,2356.2,28.2,10.92,117.98,13.42,2535.73,1.138,0
W005,2025-02-01 16:00:00,2385.6,28.61,11.11,113.61,17.86,2453.48,1.11,0
W005,2025-02-01 20:00:00,2415.1,24.71,11.78,106.86,17.72,2482.47,1.132,0
W005,2025-02-02 00:00:00,2444.6,25.76,11.7,105.38,17.8,2482.37,1.113,0
W005,2025-02-02 04:00:00,2474.0,32.14,13.43,120.77,17.83,2531.42,1.11,0
W005,2025-02-02 08:00:00,2503.5,24.1,11.13,109.49,14.15,2585.69,1.154,0
W005,2025-02-02 12:00:00,2533.0,26.67,12.44,114.76,11.51,2540.48,1.109,0
W005,2025-02-02 16:00:00,2562.4,25.4,12.21,109.78,17.2,2591.16,1.154,0
W005,2025-02-02 20:00:00,2591.9,27.06,12.93,109.31,15.07,2639.0,1.129,0
W005,2025-02-03 00:00:00,2621.3,25.75,14.07,105.92,19.51,2675.59,1.102,0
W005,2025-02-03 04:00:00,2650.8,32.06,13.08,112.13,17.93,2503.62,1.141,0
W005,2025-02-03 08:00:00,2680.3,22.62,15.63,115.36,18.17,2524.08,1.146,0
W005,2025-02-03 12:00:00,2709.7,24.96,10.48,113.57,20.48,2675.38,1.129,0
W005,2025-02-03 16:00:00,2739.2,19.39,11.35,106.56,13.68,2672.01,1.136,0
W005,2025-02-03 20:00:00,2768.7,30.39,11.1,114.99,14.49,2551.01,1.132,0
W005,2025-02-04 00:00:00,2798.1,23.88,12.68,120.83,18.56,2538.55,1.136,0
W005,2025-02-04 04:00:00,2827.6,27.38,14.15,111.03,18.27,2640.84,1.121,0
W005,2025-02-04 08:00:00,2857.0,27.4,12.83,104.55,16.47,2617.86,1.128,0
W005,2025-02-04 12:00:00,2886.5,28.68,14.5,112.71,16.11,2605.7,1.135,0
W005,2025-02-04 16:00:00,2916.0,23.22,7.04,125.53,17.0,2604.71,1.143,0
W005,2025-02-04 20:00:00,2945.4,24.76,11.95,108.97,13.69,2502.1,1.122,0
W005,2025-02-05 00:00:00,2974.9,26.95,13.69,109.71,12.21,2628.06,1.133,0
W005,2025-02-05 04:00:00,3004.4,23.66,14.03,115.83,15.24,2521.9,1.136,0
W005,2025-02-05 08:00:00,3033.8,22.28,12.49,121.16,14.52,2641.62,1.154,0
W005,2025-02-05 12:00:00,3063.3,24.74,13.68,113.28,17.31,2676.63,1.133,0
W005,2025-02-05 16:00:00,3092.8,30.97,13.47,122.82,18.93,2669.66,1.163,0
W005,2025-02-05 20:00:00,3122.2,25.56,11.51,115.09,15.19,2454.29,1.13,0
W005,2025-02-06 00:00:00,3151.7,25.22,14.19,109.87,18.82,2537.72,1.129,0
W005,2025-02-06 04:00:00,3181.1,29.35,12.67,113.96,17.42,2541.35,1.139,0
W005,2025-02-06 08:00:00,3210.6,25.01,14.45,104.98,20.17,2641.95,1.128,0
W005,2025-02-06 12:00:00,3240.1,21.13,13.01,106.92,15.99,2633.92,1.162,0
W005,2025-02-06 16:00:00,3269.5,28.06,11.64,113.72,14.13,2476.13,1.127,0
W005,2025-02-06 20:00:00,3299.0,28.37,13.77,117.3,14.38,2598.84,1.133,0
W005,2025-02-07 00:00:00,3328.5,24.5,12.26,108.99,17.63,2686.74,1.136,0
W005,2025-02-07 04:00:00,3357.9,25.91,14.29,123.57,17.88,2710.89,1.144,0
W005,2025-02-07 08:00:00,3387.4,28.09,10.99,120.48,16.48,2806.8,1.157,0
W005,2025-02-07 12:00:00,3416.8,24.8,12.25,118.15,17.86,2640.0,1.15,0
W005,2025-02-07 16:00:00,3446.3,27.69,10.55,119.36,17.94,2785.89,1.138,0
W005,2025-02-07 20:00:00,3475.8,25.02,12.91,119.43,17.77,2570.77,1.154,0
W005,2025-02-08 00:00:00,3505.2,31.01,13.52,124.83,18.88,2808.19,1.155,0
W005,2025-02-08 04:00:00,3534.7,26.57,12.98,115.03,18.34,2641.93,1.179,0
W005,2025-02-08 08:00:00,3564.2,22.22,13.82,123.27,16.68,2591.89,1.169,0
W005,2025-02-08 12:00:00,3593.6,25.61,13.82,114.34,20.12,2504.77,1.158,0
W005,2025-02-08 16:00:00,3623.1,29.03,12.76,116.81,16.22,2700.4,1.127,0
W005,2025-02-08 20:00:00,3652.6,22.84,11.42,119.01,15.97,2652.96,1.147,0
W005,2025-02-09 00:00:00,3682.0,20.25,13.8,117.27,19.49,2763.77,1.162,0
W005,2025-02-09 04:00:00,3711.5,21.51,12.81,109.77,16.4,2725.75,1.143,0
W005,2025-02-09 08:00:00,3740.9,26.9,13.34,124.01,19.03,2641.55,1.154,0
W005,2025-02-09 12:00:00,3770.4,17.48,13.69,110.89,16.0,2851.74,1.171,0
W005,2025-02-09 16:00:00,3799.9,25.51,14.57,107.59,17.28,2687.43,1.13,0
W005,2025-02-09 20:00:00,3829.3,20.83,12.58,115.76,22.56,2719.35,1.158,0
W005,2025-02-10 00:00:00,3858.8,21.75,14.51,108.56,21.41,2713.29,1.151,0
W005,2025-02-10 04:00:00,3888.3,25.41,12.06,119.32,20.53,2705.99,1.189,0
W005,2025-02-10 08:00:00,3917.7,24.43,14.39,123.2,20.94,2754.51,1.17,0
W005,2025-02-10 12:00:00,3947.2,26.69,11.66,104.62,17.9,2576.38,1.154,0
W005,2025-02-10 16:00:00,3976.6,23.44,12.99,114.15,16.2,2808.36,1.144,0
W005,2025-02-10 20:00:00,4006.1,16.19,13.09,120.49,18.14,2635.84,1.162,0
W005,2025-02-11 00:00:00,4035.6,20.47,14.41,112.4,19.58,2619.42,1.147,1
W005,2025-02-11 04:00:00,4065.0,16.79,17.01,113.14,25.33,2907.47,1.182,1
W005,2025-02-11 08:00:00,4094.5,3.83,19.19,110.99,35.43,3009.28,1.159,1
W005,2025-02-11 12:00:00,4124.0,2.0,20.2,105.96,37.89,2973.55,1.179,1
W005,2025-02-11 16:00:00,4153.4,3.11,18.72,109.85,31.5,2997.14,1.169,1
W005,2025-02-11 20:00:00,4182.9,15.93,17.77,116.82,22.0,2780.05,1.18,1
W005,2025-02-12 00:00:00,4212.3,18.71,14.93,103.48,24.46,2881.22,1.142,1
W005,2025-02-12 04:00:00,4241.8,19.47,14.26,114.5,18.13,2651.08,1.184,0
W005,2025-02-12 08:00:00,4271.3,23.48,15.83,107.46,17.67,2788.7,1.166,0
W005,2025-02-12 12:00:00,4300.7,24.5,13.11,127.73,18.07,2513.51,1.167,0
W005,2025-02-12 16:00:00,4330.2,26.28,12.02,109.08,16.49,2679.44,1.159,0
W005,2025-02-12 20:00:00,4359.7,25.23,15.69,100.45,17.32,2806.81,1.17,0
W005,2025-02-13 00:00:00,4389.1,28.2,10.38,99.47,21.71,2850.61,1.159,0
W005,2025-02-13 04:00:00,4418.6,23.01,13.76,111.43,18.26,2817.98,1.199,0
W005,2025-02-13 08:00:00,4448.1,25.39,16.01,106.94,17.38,2811.09,1.14,0
W005,2025-02-13 12:00:00,4477.5,26.05,14.36,112.8,17.67,2905.37,1.158,0
W005,2025-02-13 16:00:00,4507.0,26.38,13.02,119.54,18.16,2996.76,1.157,0
W005,2025-02-13 20:00:00,4536.4,20.78,11.14,108.42,19.28,2943.02,1.183,0
W005,2025-02-14 00:00:00,4565.9,22.48,12.06,120.39,16.29,2680.84,1.167,0
W005,2025-02-14 04:00:00,4595.4,16.4,11.33,126.32,15.18,2698.56,1.173,0
W005,2025-02-14 08:00:00,4624.8,22.87,13.05,102.98,19.53,2768.86,1.191,0
W005,2025-02-14 12:00:00,4654.3,20.57,14.87,122.78,17.16,2891.21,1.153,0
W005,2025-02-14 16:00:00,4683.8,23.29,15.23,118.11,22.33,2866.91,1.168,0
W005,2025-02-14 20:00:00,4713.2,31.02,15.85,105.38,16.59,2725.02,1.184,0
W005,2025-02-15 00:00:00,4742.7,24.21,14.25,105.22,16.85,2808.26,1.148,0
W005,2025-02-15 04:00:00,4772.1,19.88,15.43,105.68,20.62,2923.14,1.171,0
W005,2025-02-15 08:00:00,4801.6,20.55,14.65,110.27,16.67,2826.03,1.144,0
W005,2025-02-15 12:00:00,4831.1,18.15,12.93,117.85,16.56,2813.63,1.152,0
W005,2025-02-15 16:00:00,4860.5,25.3,13.73,116.85,18.88,2841.69,1.17,0
W005,2025-02-15 20:00:00,4890.0,25.89,13.64,114.01,17.98,2835.2,1.175,0
W006,2025-05-12 00:00:00,500.0,32.19,11.09,122.53,15.71,2422.76,1.102,0
W006,2025-05-12 04:00:00,516.9,26.8,11.07,113.01,16.88,2398.55,1.088,0
W006,2025-05-12 08:00:00,533.8,26.15,8.6,116.86,13.71,2418.67,1.066,0
W006,2025-05-12 12:00:00,550.7,34.78,12.0,115.6,18.03,2445.94,1.084,0
W006,2025-05-12 16:00:00,567.7,30.23,8.05,121.39,14.47,2184.49,1.074,0
W006,2025-05-12 20:00:00,584.6,32.61,13.42,115.12,13.23,2236.43,1.113,0
W006,2025-05-13 00:00:00,601.5,31.35,10.5,111.59,16.21,2424.15,1.079,0
W006,2025-05-13 04:00:00,618.4,26.57,9.36,112.19,13.76,2513.65,1.085,0
W006,2025-05-13 08:00:00,635.3,26.25,9.21,113.9,11.72,2364.47,1.073,0
W006,2025-05-13 12:00:00,652.2,33.48,11.17,127.73,14.59,2089.89,1.115,0
W006,2025-05-13 16:00:00,669.1,31.51,11.99,108.98,14.92,2390.39,1.09,0
W006,2025-05-13 20:00:00,686.0,24.8,15.15,120.01,15.76,2493.71,1.103,0
W006,2025-05-14 00:00:00,703.0,27.97,12.87,120.11,13.85,2448.43,1.09,0
W006,2025-05-14 04:00:00,719.9,30.63,11.9,123.21,13.84,2412.03,1.125,0
W006,2025-05-14 08:00:00,736.8,29.47,11.29,127.09,16.15,2248.39,1.083,0
W006,2025-05-14 12:00:00,753.7,32.07,11.63,115.98,18.89,2327.33,1.094,0
W006,2025-05-14 16:00:00,770.6,21.61,13.54,110.21,17.9,2470.45,1.131,0
W006,2025-05-14 20:00:00,787.5,29.45,11.27,117.72,14.63,2415.35,1.093,0
W006,2025-05-15 00:00:00,804.4,27.29,10.45,116.8,17.48,2239.8,1.086,0
W006,2025-05-15 04:00:00,821.3,28.0,8.28,125.44,14.72,2305.92,1.093,0
W006,2025-05-15 08:00:00,838.3,27.91,10.67,120.88,16.72,2316.86,1.089,0
W006,2025-05-15 12:00:00,855.2,22.95,9.92,117.33,14.51,2556.45,1.098,0
W006,2025-05-15 16:00:00,872.1,23.44,10.08,121.32,15.86,2485.21,1.092,0
W006,2025-05-15 20:00:00,889.0,25.82,13.48,109.85,16.88,2378.73,1.111,0
W006,2025-05-16 00:00:00,905.9,32.96,11.21,111.72,17.2,2302.27,1.122,0
W006,2025-05-16 04:00:00,922.8,31.84,10.3,105.5,13.91,2298.43,1.11,0
W006,2025-05-16 08:00:00,939.7,32.15,12.99,113.58,16.62,2325.09,1.115,0
W006,2025-05-16 12:00:00,956.6,28.8,12.96,110.63,15.7,2470.49,1.121,0
W006,2025-05-16 16:00:00,973.6,25.68,12.97,110.73,19.81,2369.76,1.109,0
W006,2025-05-16 20:00:00,990.5,28.0,15.71,116.38,15.07,2466.51,1.109,0
W006,2025-05-17 00:00:00,1007.4,27.03,10.16,111.83,17.59,2253.54,1.096,0
W006,2025-05-17 04:00:00,1024.3,30.48,11.66,128.04,12.86,2326.15,1.066,0
W006,2025-05-17 08:00:00,1041.2,33.48,10.38,103.08,14.9,2289.18,1.092,0
W006,2025-05-17 12:00:00,1058.1,27.62,13.01,113.95,16.05,2364.05,1.078,0
W006,2025-05-17 16:00:00,1075.0,21.96,11.25,115.51,15.21,2255.41,1.105,0
W006,2025-05-17 20:00:00,1091.9,32.39,11.63,111.52,15.89,2320.72,1.084,0
W006,2025-05-18 00:00:00,1108.9,28.85,13.29,114.12,12.45,2453.78,1.133,0
W006,2025-05-18 04:00:00,1125.8,25.86,11.53,109.76,17.41,2263.18,1.103,2
W006,2025-05-18 08:00:00,1142.7,23.99,12.31,114.72,19.72,2293.88,1.099,2
W006,2025-05-18 12:00:00,1159.6,25.48,11.54,114.77,16.02,2217.28,1.055,2
W006,2025-05-18 16:00:00,1176.5,24.57,13.08,124.5,18.25,2147.54,1.062,2
W006,2025-05-18 20:00:00,1193.4,22.21,14.96,111.54,18.65,2106.92,1.059,2
W006,2025-05-19 00:00:00,1210.3,22.77,13.29,113.66,17.98,1799.38,1.039,2
W006,2025-05-19 04:00:00,1227.2,24.99,10.95,116.61,23.77,1988.2,1.011,2
W006,2025-05-19 08:00:00,1244.2,25.74,10.45,97.63,18.82,2052.94,1.05,2
W006,2025-05-19 12:00:00,1261.1,24.49,10.99,117.92,18.0,1937.26,1.055,2
W006,2025-05-19 16:00:00,1278.0,22.65,13.49,111.45,21.67,1933.53,1.039,2
W006,2025-05-19 20:00:00,1294.9,24.69,8.82,99.57,13.85,2158.03,1.064,2
W006,2025-05-20 00:00:00,1311.8,26.97,11.5,116.8,16.11,2339.97,1.091,2
W006,2025-05-20 04:00:00,1328.7,25.61,12.6,113.86,13.81,2427.3,1.078,2
W006,2025-05-20 08:00:00,1345.6,30.18,12.29,114.49,12.62,2586.6,1.101,0
W006,2025-05-20 12:00:00,1362.6,29.4,11.63,113.37,16.35,2452.27,1.103,0
W006,2025-05-20 16:00:00,1379.5,27.33,12.44,117.99,16.08,2507.63,1.101,0
W006,2025-05-20 20:00:00,1396.4,34.17,14.03,119.57,12.51,2508.14,1.103,0
W006,2025-05-21 00:00:00,1413.3,24.56,11.26,109.79,16.91,2600.9,1.121,0
W006,2025-05-21 04:00:00,1430.2,35.79,9.47,111.96,14.3,2567.97,1.105,0
W006,2025-05-21 08:00:00,1447.1,28.07,12.75,106.27,14.88,2548.94,1.101,0
W006,2025-05-21 12:00:00,1464.0,22.36,10.45,113.28,16.3,2454.67,1.1,0
W006,2025-05-21 16:00:00,1480.9,30.32,11.61,116.26,14.99,2598.71,1.104,0
W006,2025-05-21 20:00:00,1497.9,23.79,14.38,115.48,20.15,2324.77,1.12,1
W006,2025-05-22 00:00:00,1514.8,19.2,14.81,109.38,27.75,2555.52,1.091,1
W006,2025-05-22 04:00:00,1531.7,8.53,17.13,120.21,25.82,2573.95,1.107,1
W006,2025-05-22 08:00:00,1548.6,13.15,15.48,107.88,36.01,2607.14,1.097,1
W006,2025-05-22 12:00:00,1565.5,5.99,17.6,111.8,35.15,2558.31,1.105,1
W006,2025-05-22 16:00:00,1582.4,4.28,16.83,112.35,38.71,2614.94,1.092,1
W006,2025-05-22 20:00:00,1599.3,7.44,18.24,102.87,33.75,2818.58,1.128,1
W006,2025-05-23 00:00:00,1616.2,12.09,17.46,106.54,35.22,2568.97,1.097,1
W006,2025-05-23 04:00:00,1633.2,15.39,13.87,103.87,27.41,2532.14,1.12,1
W006,2025-05-23 08:00:00,1650.1,21.07,15.01,108.87,19.2,2568.72,1.087,1
W006,2025-05-23 12:00:00,1667.0,18.9,12.86,105.91,22.05,2624.13,1.13,1
W006,2025-05-23 16:00:00,1683.9,25.03,13.01,121.96,14.35,2557.73,1.133,0
W006,2025-05-23 20:00:00,1700.8,22.33,14.67,127.35,18.4,2540.59,1.097,0
W006,2025-05-24 00:00:00,1717.7,28.21,11.06,117.22,17.85,2192.29,1.12,0
W006,2025-05-24 04:00:00,1734.6,32.86,9.46,114.68,13.5,2410.34,1.086,0
W006,2025-05-24 08:00:00,1751.5,25.48,13.79,117.46,15.33,2437.82,1.119,0
W006,2025-05-24 12:00:00,1768.5,22.3,10.61,113.57,15.3,2531.57,1.135,0
W006,2025-05-24 16:00:00,1785.4,32.79,13.11,118.88,15.92,2448.03,1.135,0
W006,2025-05-24 20:00:00,1802.3,24.17,12.71,122.34,16.52,2633.29,1.125,0
W006,2025-05-25 00:00:00,1819.2,26.37,11.63,118.05,16.23,2542.36,1.115,0
W006,2025-05-25 04:00:00,1836.1,27.9,12.55,127.23,16.5,2453.86,1.122,0
W006,2025-05-25 08:00:00,1853.0,28.23,14.21,116.0,17.61,2534.48,1.101,0
W006,2025-05-25 12:00:00,1869.9,28.07,10.71,108.54,17.1,2476.91,1.129,0
W006,2025-05-25 16:00:00,1886.8,26.34,12.81,108.25,17.05,2502.83,1.121,0
W006,2025-05-25 20:00:00,1903.8,23.71,13.38,112.92,17.77,2581.06,1.11,0
W006,2025-05-26 00:00:00,1920.7,22.68,13.31,107.07,19.0,2512.26,1.117,0
W006,2025-05-26 04:00:00,1937.6,26.64,13.33,115.04,18.58,2452.62,1.129,0
W006,2025-05-26 08:00:00,1954.5,21.76,13.37,113.03,14.64,2538.09,1.119,0
W006,2025-05-26 12:00:00,1971.4,20.37,9.43,114.09,19.91,2545.75,1.109,0
W006,2025-05-26 16:00:00,1988.3,28.25,13.96,122.63,18.23,2598.45,1.131,0
W006,2025-05-26 20:00:00,2005.2,23.57,10.14,111.87,18.99,2486.28,1.118,0
W006,2025-05-27 00:00:00,2022.1,21.5,11.77,114.95,17.89,2481.16,1.113,0
W006,2025-05-27 04:00:00,2039.1,27.53,13.09,117.69,19.75,2478.84,1.12,0
W006,2025-05-27 08:00:00,2056.0,26.65,11.29,116.37,17.04,2776.11,1.123,0
W006,2025-05-27 12:00:00,2072.9,28.47,13.84,108.06,14.21,2550.25,1.14,0
W006,2025-05-27 16:00:00,2089.8,25.86,12.72,113.3,14.62,2443.43,1.097,0
W006,2025-05-27 20:00:00,2106.7,21.69,11.81,119.66,16.2,2554.74,1.124,0
W006,2025-05-28 00:00:00,2123.6,26.5,11.05,121.36,14.47,2493.3,1.122,0
W006,2025-05-28 04:00:00,2140.5,27.28,14.67,119.61,19.55,2460.83,1.141,0
W006,2025-05-28 08:00:00,2157.4,28.06,9.01,113.68,18.08,2490.93,1.107,0
W006,2025-05-28 12:00:00,2174.4,31.34,12.77,115.83,14.64,2484.07,1.11,0
W006,2025-05-28 16:00:00,2191.3,28.24,13.36,111.58,18.01,2518.22,1.127,0
W006,2025-05-28 20:00:00,2208.2,25.69,13.23,116.8,17.76,2655.92,1.134,0
W006,2025-05-29 00:00:00,2225.1,23.99,12.45,122.38,17.2,2511.1,1.115,0
W006,2025-05-29 04:00:00,2242.0,25.82,11.32,122.71,15.13,2679.65,1.121,0
W006,2025-05-29 08:00:00,2258.9,21.77,12.88,109.28,17.06,2496.5,1.139,0
W006,2025-05-29 12:00:00,2275.8,22.91,11.62,111.42,19.27,2666.18,1.125,0
W006,2025-05-29 16:00:00,2292.8,19.37,14.98,119.2,20.35,2578.32,1.118,0
W006,2025-05-29 20:00:00,2309.7,24.05,13.89,111.55,18.36,2536.51,1.137,0
W006,2025-05-30 00:00:00,2326.6,23.98,11.82,108.09,17.84,2558.88,1.138,0
W006,2025-05-30 04:00:00,2343.5,24.04,15.59,112.2,17.06,2471.4,1.138,0
W006,2025-05-30 08:00:00,2360.4,22.57,10.62,116.21,18.48,2546.65,1.132,0
W006,2025-05-30 12:00:00,2377.3,18.84,15.86,117.28,14.81,2560.97,1.134,0
W006,2025-05-30 16:00:00,2394.2,19.16,14.2,125.09,16.84,2601.92,1.131,0
W006,2025-05-30 20:00:00,2411.1,25.4,13.24,108.6,19.63,2474.57,1.155,0
W006,2025-05-31 00:00:00,2428.1,24.18,12.5,121.65,17.98,2547.16,1.118,0
W006,2025-05-31 04:00:00,2445.0,16.87,14.31,105.23,16.57,2607.9,1.121,0
W006,2025-05-31 08:00:00,2461.9,22.97,11.58,112.91,18.29,2485.17,1.155,0
W006,2025-05-31 12:00:00,2478.8,20.59,15.47,113.99,15.18,2470.35,1.132,0
W006,2025-05-31 16:00:00,2495.7,25.6,16.05,115.77,15.88,2599.59,1.118,0
W006,2025-05-31 20:00:00,2512.6,23.68,11.99,102.46,20.37,2556.01,1.131,0
W006,2025-06-01 00:00:00,2529.5,25.49,16.22,119.32,18.19,2619.91,1.126,0
W006,2025-06-01 04:00:00,2546.4,22.61,13.62,110.28,18.04,2613.15,1.139,0
W006,2025-06-01 08:00:00,2563.4,23.81,11.39,122.38,20.06,2573.32,1.138,0
W006,2025-06-01 12:00:00,2580.3,21.85,14.53,110.11,20.42,2647.03,1.142,0
W006,2025-06-01 16:00:00,2597.2,22.18,11.28,120.3,15.52,2666.33,1.12,0
W006,2025-06-01 20:00:00,2614.1,17.74,13.4,122.1,16.26,2731.46,1.142,0
W006,2025-06-02 00:00:00,2631.0,22.97,12.75,112.8,18.77,2665.55,1.124,0
W006,2025-06-02 04:00:00,2647.9,20.08,13.08,123.36,15.81,2694.09,1.134,0
W006,2025-06-02 08:00:00,2664.8,17.54,12.71,118.66,21.24,2473.67,1.091,0
W006,2025-06-02 12:00:00,2681.7,18.57,15.1,104.24,20.7,2704.32,1.137,0
W006,2025-06-02 16:00:00,2698.7,20.62,13.48,118.67,18.83,2753.42,1.13,0
W006,2025-06-02 20:00:00,2715.6,18.6,11.18,104.94,18.35,2577.62,1.135,0
W006,2025-06-03 00:00:00,2732.5,20.89,11.73,118.69,13.57,2528.43,1.146,0
W006,2025-06-03 04:00:00,2749.4,19.8,13.99,110.2,17.18,2654.18,1.116,0
W006,2025-06-03 08:00:00,2766.3,24.74,13.47,122.54,18.37,2508.04,1.161,0
W006,2025-06-03 12:00:00,2783.2,19.54,13.06,120.74,14.62,2735.72,1.118,0
W006,2025-06-03 16:00:00,2800.1,21.14,13.83,114.75,19.42,2463.94,1.147,0
W006,2025-06-03 20:00:00,2817.0,24.92,14.94,105.46,15.36,2579.06,1.116,0
W006,2025-06-04 00:00:00,2834.0,17.09,12.82,116.4,23.04,2661.12,1.163,0
W006,2025-06-04 04:00:00,2850.9,22.37,14.24,114.12,22.83,2551.89,1.129,0
W006,2025-06-04 08:00:00,2867.8,24.89,13.71,112.46,19.73,2611.75,1.137,0
W006,2025-06-04 12:00:00,2884.7,23.19,10.8,105.44,19.96,2556.39,1.136,0
W006,2025-06-04 16:00:00,2901.6,27.34,13.27,113.74,19.61,2565.33,1.156,0
W006,2025-06-04 20:00:00,2918.5,25.13,16.15,110.86,20.46,2670.91,1.118,0
W006,2025-06-05 00:00:00,2935.4,14.71,12.2,116.75,18.79,2617.58,1.138,0
W006,2025-06-05 04:00:00,2952.3,22.12,14.95,106.38,18.48,2550.71,1.125,0
W006,2025-06-05 08:00:00,2969.3,26.03,11.93,114.16,21.53,2702.05,1.133,0
W006,2025-06-05 12:00:00,2986.2,21.38,11.56,122.8,19.82,2690.27,1.152,0
W006,2025-06-05 16:00:00,3003.1,20.18,11.08,118.36,19.6,2774.97,1.137,0
W006,2025-06-05 20:00:00,3020.0,21.46,13.04,119.02,17.49,2627.5,1.153,0
W007,2025-07-16 00:00:00,500.0,28.12,10.98,112.94,13.92,2178.24,1.064,0
W007,2025-07-16 04:00:00,521.9,35.7,13.36,111.55,16.63,2402.99,1.1,0
W007,2025-07-16 08:00:00,543.9,25.72,8.29,122.1,11.44,2346.49,1.085,0
W007,2025-07-16 12:00:00,565.8,28.62,11.47,110.93,15.71,2374.95,1.123,0
W007,2025-07-16 16:00:00,587.8,25.84,11.04,117.59,14.54,2244.32,1.111,0
W007,2025-07-16 20:00:00,609.7,31.01,9.1,117.63,18.06,2363.8,1.092,0
W007,2025-07-17 00:00:00,631.7,34.7,9.54,125.37,16.75,2286.3,1.083,0
W007,2025-07-17 04:00:00,653.6,28.43,8.25,116.56,13.42,2398.59,1.074,0
W007,2025-07-17 08:00:00,675.6,32.77,12.11,110.76,15.65,2381.78,1.116,0
W007,2025-07-17 12:00:00,697.5,26.9,10.77,111.16,15.08,2424.72,1.084,0
W007,2025-07-17 16:00:00,719.5,28.91,12.45,123.14,15.89,2366.72,1.091,0
W007,2025-07-17 20:00:00,741.4,31.64,11.34,105.11,16.03,2304.1,1.074,0
W007,2025-07-18 00:00:00,763.4,24.99,10.68,108.9,10.81,2351.71,1.088,0
W007,2025-07-18 04:00:00,785.3,29.55,10.06,125.98,15.93,2341.42,1.095,0
W007,2025-07-18 08:00:00,807.2,34.24,12.43,106.62,13.25,2318.43,1.09,0
W007,2025-07-18 12:00:00,829.2,28.21,11.05,119.41,16.62,2361.8,1.072,0
W007,2025-07-18 16:00:00,851.1,26.88,10.22,107.53,17.05,2287.47,1.106,0
W007,2025-07-18 20:00:00,873.1,24.95,11.99,114.16,17.72,2294.2,1.089,0
W007,2025-07-19 00:00:00,895.0,28.89,10.77,112.92,14.41,2367.58,1.067,0
W007,2025-07-19 04:00:00,917.0,32.98,15.29,116.79,12.96,2307.76,1.108,0
W007,2025-07-19 08:00:00,938.9,31.16,10.57,119.52,11.29,2471.15,1.102,0
W007,2025-07-19 12:00:00,960.9,24.51,9.65,115.73,18.53,2385.17,1.086,0
W007,2025-07-19 16:00:00,982.8,28.07,14.53,117.59,16.97,2518.16,1.107,0
W007,2025-07-19 20:00:00,1004.8,25.16,9.18,109.47,14.01,2469.86,1.112,0
W007,2025-07-20 00:00:00,1026.7,28.03,9.9,125.72,15.25,2467.25,1.101,0
W007,2025-07-20 04:00:00,1048.7,28.13,12.65,110.82,18.35,2273.2,1.085,0
W007,2025-07-20 08:00:00,1070.6,31.38,12.69,130.24,16.12,2570.81,1.074,0
W007,2025-07-20 12:00:00,1092.6,23.26,13.14,104.56,15.64,2525.23,1.109,0
W007,2025-07-20 16:00:00,1114.5,27.53,11.13,116.21,17.04,2363.11,1.108,0
W007,2025-07-20 20:00:00,1136.4,27.3,12.36,114.36,18.18,2507.44,1.116,1
W007,2025-07-21 00:00:00,1158.4,18.03,13.12,107.18,17.17,2209.96,1.121,1
W007,2025-07-21 04:00:00,1180.3,17.91,16.64,108.22,30.13,2604.82,1.087,1
W007,2025-07-21 08:00:00,1202.3,4.14,18.11,104.49,37.46,2615.0,1.106,1
W007,2025-07-21 12:00:00,1224.2,3.78,19.63,110.88,39.45,2624.21,1.115,1
W007,2025-07-21 16:00:00,1246.2,2.0,15.49,112.28,36.48,2515.86,1.108,1
W007,2025-07-21 20:00:00,1268.1,13.1,16.62,114.21,29.82,2530.24,1.121,1
W007,2025-07-22 00:00:00,1290.1,15.47,14.19,105.69,22.14,2458.67,1.106,1
W007,2025-07-22 04:00:00,1312.0,22.84,12.15,110.94,23.8,2220.37,1.102,1
W007,2025-07-22 08:00:00,1334.0,29.05,13.7,102.79,13.76,2493.0,1.13,0
W007,2025-07-22 12:00:00,1355.9,24.08,11.22,117.41,13.39,2496.1,1.067,0
W007,2025-07-22 16:00:00,1377.9,28.98,10.31,112.31,17.17,2491.82,1.107,0
W007,2025-07-22 20:00:00,1399.8,30.41,9.25,116.23,14.58,2536.6,1.118,0
W007,2025-07-23 00:00:00,1421.7,29.67,14.27,121.76,15.72,2456.28,1.117,0
W007,2025-07-23 04:00:00,1443.7,27.91,12.86,101.62,19.39,2464.3,1.085,0
W007,2025-07-23 08:00:00,1465.6,24.76,8.61,108.46,15.74,2597.54,1.115,0
W007,2025-07-23 12:00:00,1487.6,28.2,10.1,110.05,14.66,2400.08,1.104,0
W007,2025-07-23 16:00:00,1509.5,26.67,11.29,110.97,16.24,2437.75,1.086,0
W007,2025-07-23 20:00:00,1531.5,27.6,11.62,105.52,14.94,2522.2,1.094,0
W007,2025-07-24 00:00:00,1553.4,23.77,11.31,118.74,19.26,2530.18,1.127,0
W007,2025-07-24 04:00:00,1575.4,28.54,10.77,118.91,15.85,2507.22,1.097,0
W007,2025-07-24 08:00:00,1597.3,28.9,11.62,116.39,15.85,2450.76,1.119,0
W007,2025-07-24 12:00:00,1619.3,26.28,9.42,103.76,16.33,2437.87,1.086,0
W007,2025-07-24 16:00:00,1641.2,27.82,11.66,112.0,16.44,2598.89,1.132,0
W007,2025-07-24 20:00:00,1663.2,27.93,11.67,115.95,16.56,2458.8,1.116,0
W007,2025-07-25 00:00:00,1685.1,22.78,11.92,117.86,15.12,2476.77,1.097,0
W007,2025-07-25 04:00:00,1707.0,23.75,12.12,110.62,12.8,2387.72,1.1,0
W007,2025-07-25 08:00:00,1729.0,29.82,12.07,109.77,14.94,2608.28,1.129,0
W007,2025-07-25 12:00:00,1750.9,24.15,13.55,114.52,17.44,2477.91,1.133,0
W007,2025-07-25 16:00:00,1772.9,24.02,11.42,122.3,11.69,2490.87,1.11,0
W007,2025-07-25 20:00:00,1794.8,29.55,13.4,119.38,16.43,2501.08,1.111,0
W007,2025-07-26 00:00:00,1816.8,28.13,13.99,110.02,15.28,2493.05,1.131,0
W007,2025-07-26 04:00:00,1838.7,28.17,13.28,121.2,17.07,2406.5,1.142,0
W007,2025-07-26 08:00:00,1860.7,31.74,11.9,106.71,13.19,2527.56,1.107,0
W007,2025-07-26 12:00:00,1882.6,22.35,9.43,112.18,16.35,2633.6,1.125,0
W007,2025-07-26 16:00:00,1904.6,23.86,13.17,116.74,18.33,2505.91,1.134,0
W007,2025-07-26 20:00:00,1926.5,27.47,12.72,114.28,18.66,2447.7,1.096,0
W007,2025-07-27 00:00:00,1948.5,20.46,11.41,118.96,16.24,2532.74,1.112,0
W007,2025-07-27 04:00:00,1970.4,23.54,11.06,114.45,16.68,2553.88,1.124,0
W007,2025-07-27 08:00:00,1992.3,24.41,10.34,121.42,16.85,2526.33,1.144,0
W007,2025-07-27 12:00:00,2014.3,27.72,13.27,114.99,16.98,2543.18,1.126,0
W007,2025-07-27 16:00:00,2036.2,30.13,16.31,116.74,13.12,2438.33,1.148,0
W007,2025-07-27 20:00:00,2058.2,27.16,13.24,114.0,14.86,2677.4,1.109,0
W007,2025-07-28 00:00:00,2080.1,27.19,10.65,113.71,18.79,2506.34,1.116,0
W007,2025-07-28 04:00:00,2102.1,25.03,10.6,105.86,18.29,2493.23,1.133,0
W007,2025-07-28 08:00:00,2124.0,28.35,14.4,105.27,15.74,2582.03,1.131,0
W007,2025-07-28 12:00:00,2146.0,31.75,11.24,122.01,17.67,2388.44,1.115,0
W007,2025-07-28 16:00:00,2167.9,25.79,10.04,102.56,13.83,2561.79,1.116,0
W007,2025-07-28 20:00:00,2189.9,23.14,11.72,106.46,16.18,2377.05,1.142,0
W007,2025-07-29 00:00:00,2211.8,30.08,9.11,112.19,16.27,2527.6,1.139,0
W007,2025-07-29 04:00:00,2233.8,23.6,12.47,132.87,16.8,2704.68,1.132,0
W007,2025-07-29 08:00:00,2255.7,23.34,11.52,114.96,14.97,2470.38,1.119,0
W007,2025-07-29 12:00:00,2277.7,25.88,15.34,112.09,17.83,2404.03,1.141,0
W007,2025-07-29 16:00:00,2299.6,19.83,13.8,114.51,16.78,2525.93,1.106,0
W007,2025-07-29 20:00:00,2321.5,21.26,13.85,115.07,16.45,2595.28,1.128,0
W007,2025-07-30 00:00:00,2343.5,22.62,16.29,119.44,17.23,2511.56,1.141,0
W007,2025-07-30 04:00:00,2365.4,22.64,11.29,125.16,17.06,2491.5,1.127,0
W007,2025-07-30 08:00:00,2387.4,27.55,13.53,120.85,14.75,2648.04,1.125,0
W007,2025-07-30 12:00:00,2409.3,25.27,14.41,119.22,17.63,2386.47,1.128,0
W007,2025-07-30 16:00:00,2431.3,22.65,13.67,120.95,16.46,2507.41,1.152,0
W007,2025-07-30 20:00:00,2453.2,23.19,10.81,110.0,16.0,2492.33,1.142,0
W007,2025-07-31 00:00:00,2475.2,16.32,11.72,114.72,16.92,2746.91,1.153,3
W007,2025-07-31 04:00:00,2497.1,14.48,13.67,110.96,18.05,2627.57,1.133,3
W007,2025-07-31 08:00:00,2519.1,14.43,13.32,112.53,25.45,2573.3,1.121,3
W007,2025-07-31 12:00:00,2541.0,12.55,15.68,127.25,28.1,2766.33,1.127,3
W007,2025-07-31 16:00:00,2563.0,9.42,14.53,117.35,28.13,2785.25,1.13,3
W007,2025-07-31 20:00:00,2584.9,10.4,13.91,112.56,30.62,2790.09,1.144,3
W007,2025-08-01 00:00:00,2606.8,14.81,9.44,112.54,24.75,2744.28,1.137,3
W007,2025-08-01 04:00:00,2628.8,25.34,12.08,113.35,19.3,2642.36,1.156,3
W007,2025-08-01 08:00:00,2650.7,22.51,10.5,113.28,22.67,2591.43,1.128,3
W007,2025-08-01 12:00:00,2672.7,24.06,14.54,107.29,18.22,2742.16,1.149,0
W007,2025-08-01 16:00:00,2694.6,19.4,11.64,113.55,18.82,2476.56,1.119,0
W007,2025-08-01 20:00:00,2716.6,20.18,11.36,107.49,19.88,2540.56,1.145,0
W007,2025-08-02 00:00:00,2738.5,25.05,12.61,111.45,18.39,2615.13,1.136,0
W007,2025-08-02 04:00:00,2760.5,23.22,11.96,118.53,17.41,2614.76,1.124,0
W007,2025-08-02 08:00:00,2782.4,30.83,11.88,114.82,16.66,2781.99,1.131,0
W007,2025-08-02 12:00:00,2804.4,23.85,12.78,110.84,17.2,2821.92,1.141,0
W007,2025-08-02 16:00:00,2826.3,25.79,11.52,125.26,20.49,2687.64,1.146,0
W007,2025-08-02 20:00:00,2848.3,21.8,13.99,109.99,15.97,2479.45,1.143,0
W007,2025-08-03 00:00:00,2870.2,18.36,12.65,114.63,19.79,2563.68,1.154,0
W007,2025-08-03 04:00:00,2892.1,25.32,11.79,121.74,17.49,2573.23,1.134,0
W007,2025-08-03 08:00:00,2914.1,22.49,12.78,109.96,16.65,2633.06,1.136,0
W007,2025-08-03 12:00:00,2936.0,24.08,13.48,115.46,19.07,2750.67,1.161,0
W007,2025-08-03 16:00:00,2958.0,26.52,14.71,127.51,18.79,2654.68,1.173,0
W007,2025-08-03 20:00:00,2979.9,14.32,13.08,122.51,19.76,2858.7,1.141,0
W007,2025-08-04 00:00:00,3001.9,21.21,12.9,116.91,20.92,2777.28,1.139,0
W007,2025-08-04 04:00:00,3023.8,23.26,12.48,111.96,19.88,2776.82,1.13,0
W007,2025-08-04 08:00:00,3045.8,23.23,13.04,120.18,17.3,2461.65,1.156,0
W007,2025-08-04 12:00:00,3067.7,21.59,13.1,117.61,18.64,2678.5,1.117,0
W007,2025-08-04 16:00:00,3089.7,24.17,10.54,119.62,20.01,2516.7,1.147,0
W007,2025-08-04 20:00:00,3111.6,25.67,12.73,119.04,12.99,2741.11,1.143,0
W007,2025-08-05 00:00:00,3133.6,21.73,14.88,125.38,18.87,2789.48,1.119,0
W007,2025-08-05 04:00:00,3155.5,24.5,13.2,110.27,14.53,2702.17,1.156,0
W007,2025-08-05 08:00:00,3177.4,26.53,15.16,110.37,20.32,2775.19,1.14,0
W007,2025-08-05 12:00:00,3199.4,22.59,12.0,123.89,15.28,2700.08,1.135,0
W007,2025-08-05 16:00:00,3221.3,19.18,10.59,113.71,15.72,2659.43,1.171,0
W007,2025-08-05 20:00:00,3243.3,23.1,16.4,109.11,15.69,2564.33,1.144,0
W007,2025-08-06 00:00:00,3265.2,30.67,10.91,118.72,16.74,2639.03,1.126,0
W007,2025-08-06 04:00:00,3287.2,25.14,13.33,121.52,18.32,2487.74,1.162,0
W007,2025-08-06 08:00:00,3309.1,16.46,10.6,109.5,16.37,2789.65,1.144,0
W007,2025-08-06 12:00:00,3331.1,26.24,12.55,116.91,18.85,2729.06,1.14,0
W007,2025-08-06 16:00:00,3353.0,21.37,12.95,105.09,17.85,2634.3,1.156,0
W007,2025-08-06 20:00:00,3375.0,22.77,15.4,115.42,16.99,2676.44,1.158,0
W007,2025-08-07 00:00:00,3396.9,17.18,12.33,110.83,18.74,2721.12,1.149,0
W007,2025-08-07 04:00:00,3418.9,15.06,10.92,113.57,17.1,2676.56,1.141,0
W007,2025-08-07 08:00:00,3440.8,27.09,9.96,116.82,19.49,2741.63,1.161,0
W007,2025-08-07 12:00:00,3462.8,25.29,12.49,108.39,14.34,2648.27,1.138,0
W007,2025-08-07 16:00:00,3484.7,25.98,12.97,108.82,15.86,2862.31,1.149,0
W007,2025-08-07 20:00:00,3506.6,20.16,13.59,126.38,17.3,2747.56,1.168,0
W007,2025-08-08 00:00:00,3528.6,16.83,12.44,121.37,16.74,2725.46,1.139,0
W007,2025-08-08 04:00:00,3550.5,21.16,12.55,118.82,18.36,2699.46,1.189,0
W007,2025-08-08 08:00:00,3572.5,27.72,10.43,112.34,22.37,2641.26,1.183,0
W007,2025-08-08 12:00:00,3594.4,21.22,13.05,120.18,17.84,2739.9,1.176,0
W007,2025-08-08 16:00:00,3616.4,24.78,13.61,125.04,19.58,2631.78,1.182,0
W007,2025-08-08 20:00:00,3638.3,24.43,13.08,102.88,15.52,2853.23,1.179,0
W007,2025-08-09 00:00:00,3660.3,22.76,10.74,108.48,15.08,2553.22,1.184,0
W007,2025-08-09 04:00:00,3682.2,28.68,11.72,114.95,15.69,2703.67,1.178,0
W007,2025-08-09 08:00:00,3704.2,25.74,14.61,113.83,20.27,2765.66,1.16,0
W007,2025-08-09 12:00:00,3726.1,22.15,13.88,116.73,17.03,2640.13,1.14,0
W007,2025-08-09 16:00:00,3748.1,19.7,13.12,112.88,16.88,2649.76,1.159,0
W007,2025-08-09 20:00:00,3770.0,26.63,13.38,114.54,16.32,2694.62,1.173,0
W008,2025-04-30 00:00:00,500.0,33.11,9.32,124.24,13.33,2466.91,1.095,0
W008,2025-04-30 04:00:00,526.5,24.57,11.95,114.29,14.18,2379.96,1.098,0
W008,2025-04-30 08:00:00,553.0,32.12,12.77,117.45,12.52,2318.2,1.135,0
W008,2025-04-30 12:00:00,579.5,32.17,14.55,123.37,15.44,2390.87,1.091,0
W008,2025-04-30 16:00:00,606.0,24.79,11.03,122.26,13.92,2403.74,1.105,0
W008,2025-04-30 20:00:00,632.6,27.27,10.32,108.89,13.52,2253.7,1.079,0
W008,2025-05-01 00:00:00,659.1,34.26,9.63,115.76,14.09,2478.59,1.113,0
W008,2025-05-01 04:00:00,685.6,32.59,11.46,113.61,12.85,2550.33,1.082,0
W008,2025-05-01 08:00:00,712.1,31.99,12.59,111.67,16.87,2447.11,1.12,0
W008,2025-05-01 12:00:00,738.6,28.59,9.07,111.97,15.38,2386.48,1.089,0
W008,2025-05-01 16:00:00,765.1,24.27,11.71,126.83,15.84,2438.98,1.104,0
W008,2025-05-01 20:00:00,791.6,31.19,12.4,117.37,14.44,2315.44,1.092,0
W008,2025-05-02 00:00:00,818.1,30.94,10.53,116.89,15.79,2464.98,1.116,0
W008,2025-05-02 04:00:00,844.6,30.23,9.04,112.93,15.08,2227.69,1.118,0
W008,2025-05-02 08:00:00,871.1,30.43,11.57,123.19,13.87,2447.49,1.096,0
W008,2025-05-02 12:00:00,897.7,29.45,9.84,124.99,14.32,2461.69,1.07,0
W008,2025-05-02 16:00:00,924.2,33.54,12.58,115.58,14.59,2437.66,1.133,0
W008,2025-05-02 20:00:00,950.7,24.71,12.17,109.53,14.96,2382.26,1.093,0
W008,2025-05-03 00:00:00,977.2,29.97,9.3,121.18,11.77,2456.07,1.095,0
W008,2025-05-03 04:00:00,1003.7,26.49,11.3,105.66,15.07,2282.35,1.107,0
W008,2025-05-03 08:00:00,1030.2,27.23,10.32,116.76,13.61,2408.11,1.078,0
W008,2025-05-03 12:00:00,1056.7,31.89,13.65,131.75,15.16,2487.18,1.074,0
W008,2025-05-03 16:00:00,1083.2,34.51,12.16,112.1,17.23,2396.25,1.095,0
W008,2025-05-03 20:00:00,1109.7,31.43,9.4,121.13,13.1,2327.57,1.089,0
W008,2025-05-04 00:00:00,1136.2,29.78,10.87,106.91,14.91,2422.1,1.085,0
W008,2025-05-04 04:00:00,1162.8,24.04,14.97,109.84,15.42,2394.85,1.097,0
W008,2025-05-04 08:00:00,1189.3,29.36,13.22,113.16,13.77,2545.52,1.102,0
W008,2025-05-04 12:00:00,1215.8,32.69,8.43,116.17,19.45,2401.94,1.101,0
W008,2025-05-04 16:00:00,1242.3,28.39,10.96,113.13,15.39,2380.18,1.123,0
W008,2025-05-04 20:00:00,1268.8,28.88,12.18,119.85,15.52,2369.89,1.096,0
W008,2025-05-05 00:00:00,1295.3,27.51,10.21,112.0,15.07,2633.69,1.064,0
W008,2025-05-05 04:00:00,1321.8,26.96,14.39,115.73,17.36,2454.38,1.096,0
W008,2025-05-05 08:00:00,1348.3,20.77,12.11,110.35,14.56,2403.41,1.133,0
W008,2025-05-05 12:00:00,1374.8,34.71,12.13,112.21,13.88,2493.4,1.134,0
W008,2025-05-05 16:00:00,1401.3,26.76,8.23,119.02,17.77,2311.42,1.111,0
W008,2025-05-05 20:00:00,1427.9,28.85,11.69,110.26,17.83,2420.76,1.086,0
W008,2025-05-06 00:00:00,1454.4,21.35,13.69,118.7,16.16,2420.36,1.101,0
W008,2025-05-06 04:00:00,1480.9,24.27,11.15,102.28,14.68,2434.91,1.119,0
W008,2025-05-06 08:00:00,1507.4,27.38,12.99,123.09,17.9,2508.16,1.11,0
W008,2025-05-06 12:00:00,1533.9,24.56,12.91,125.08,16.62,2641.28,1.088,0
W008,2025-05-06 16:00:00,1560.4,24.04,13.08,116.59,18.36,2470.25,1.098,0
W008,2025-05-06 20:00:00,1586.9,26.86,9.5,108.23,17.75,2553.11,1.117,0
W008,2025-05-07 00:00:00,1613.4,22.34,11.26,107.65,18.12,2424.94,1.096,0
W008,2025-05-07 04:00:00,1639.9,27.59,10.84,123.9,14.68,2354.46,1.081,0
W008,2025-05-07 08:00:00,1666.4,27.41,10.96,106.43,18.14,2543.36,1.113,0
W008,2025-05-07 12:00:00,1693.0,31.59,12.79,110.06,14.13,2559.84,1.12,0
W008,2025-05-07 16:00:00,1719.5,28.01,10.53,118.65,14.64,2479.96,1.136,0
W008,2025-05-07 20:00:00,1746.0,25.52,9.44,108.68,17.79,2514.98,1.113,0
W008,2025-05-08 00:00:00,1772.5,25.97,12.53,109.91,16.55,2429.16,1.102,0
W008,2025-05-08 04:00:00,1799.0,25.59,11.24,114.71,16.42,2165.94,1.104,0
W008,2025-05-08 08:00:00,1825.5,26.33,14.06,108.52,16.29,2635.36,1.097,0
W008,2025-05-08 12:00:00,1852.0,28.68,10.6,111.97,14.55,2437.85,1.158,0
W008,2025-05-08 16:00:00,1878.5,30.03,13.45,117.95,13.11,2542.18,1.134,0
W008,2025-05-08 20:00:00,1905.0,24.94,13.25,119.23,19.33,2471.95,1.102,0
W008,2025-05-09 00:00:00,1931.5,26.42,13.95,104.03,12.28,2520.52,1.112,0
W008,2025-05-09 04:00:00,1958.1,27.52,13.22,111.68,12.63,2699.39,1.104,0
W008,2025-05-09 08:00:00,1984.6,24.32,13.46,112.69,15.89,2561.75,1.136,0
W008,2025-05-09 12:00:00,2011.1,26.5,14.08,102.19,17.37,2445.66,1.141,0
W008,2025-05-09 16:00:00,2037.6,27.93,10.79,118.98,17.61,2581.9,1.105,0
W008,2025-05-09 20:00:00,2064.1,26.05,11.79,114.75,17.35,2345.71,1.126,0
W008,2025-05-10 00:00:00,2090.6,26.63,10.54,110.55,15.61,2205.87,1.111,0
W008,2025-05-10 04:00:00,2117.1,24.87,12.6,110.17,15.61,2671.69,1.137,0
W008,2025-05-10 08:00:00,2143.6,30.21,11.05,118.26,15.58,2518.15,1.129,0
W008,2025-05-10 12:00:00,2170.1,25.71,14.04,114.04,17.11,2669.72,1.139,0
W008,2025-05-10 16:00:00,2196.6,23.27,12.47,120.1,17.61,2441.43,1.114,0
W008,2025-05-10 20:00:00,2223.2,30.48,10.66,113.2,18.84,2540.25,1.114,0
W008,2025-05-11 00:00:00,2249.7,22.37,13.1,107.0,16.55,2577.45,1.144,0
W008,2025-05-11 04:00:00,2276.2,27.0,11.53,122.07,16.46,2439.17,1.123,0
W008,2025-05-11 08:00:00,2302.7,29.31,12.85,115.08,19.95,2424.47,1.107,0
W008,2025-05-11 12:00:00,2329.2,20.15,13.16,116.0,19.78,2578.12,1.121,0
W008,2025-05-11 16:00:00,2355.7,25.01,12.78,104.97,21.88,2605.92,1.13,0
W008,2025-05-11 20:00:00,2382.2,26.85,13.66,114.16,15.86,2615.99,1.133,0
W008,2025-05-12 00:00:00,2408.7,22.57,14.73,116.76,18.31,2690.23,1.129,0
W008,2025-05-12 04:00:00,2435.2,25.95,13.82,110.65,17.1,2579.18,1.114,0
W008,2025-05-12 08:00:00,2461.7,31.95,10.49,107.21,19.37,2634.99,1.114,0
W008,2025-05-12 12:00:00,2488.3,26.82,14.8,114.82,21.68,2418.54,1.14,0
W008,2025-05-12 16:00:00,2514.8,28.5,13.94,113.77,16.48,2616.6,1.143,0
W008,2025-05-12 20:00:00,2541.3,26.81,14.16,108.89,16.59,2494.94,1.125,0
W008,2025-05-13 00:00:00,2567.8,28.05,12.76,130.64,17.35,2587.83,1.133,0
W008,2025-05-13 04:00:00,2594.3,23.09,12.51,121.77,17.21,2513.96,1.118,0
W008,2025-05-13 08:00:00,2620.8,23.65,12.71,122.16,14.59,2559.5,1.135,0
W008,2025-05-13 12:00:00,2647.3,19.5,11.35,110.92,15.57,2608.47,1.131,0
W008,2025-05-13 16:00:00,2673.8,23.33,13.24,125.34,19.95,2421.07,1.142,0
W008,2025-05-13 20:00:00,2700.3,24.47,12.83,112.61,17.21,2610.66,1.125,0
W008,2025-05-14 00:00:00,2726.8,22.31,11.93,116.41,18.08,2676.75,1.127,0
W008,2025-05-14 04:00:00,2753.4,25.85,14.04,121.99,16.89,2582.99,1.138,0
W008,2025-05-14 08:00:00,2779.9,21.55,12.31,119.47,18.16,2581.46,1.139,0
W008,2025-05-14 12:00:00,2806.4,22.53,13.66,114.53,16.5,2576.15,1.135,0
W008,2025-05-14 16:00:00,2832.9,23.66,13.59,112.63,19.87,2743.49,1.123,0
W008,2025-05-14 20:00:00,2859.4,25.21,11.62,113.04,20.6,2586.85,1.143,0
W008,2025-05-15 00:00:00,2885.9,26.62,11.1,109.87,14.83,2537.71,1.095,0
W008,2025-05-15 04:00:00,2912.4,26.63,15.68,115.89,14.45,2562.52,1.131,0
W008,2025-05-15 08:00:00,2938.9,21.95,13.89,119.86,14.92,2688.54,1.162,0
W008,2025-05-15 12:00:00,2965.4,30.71,16.9,109.59,22.08,2594.32,1.13,0
W008,2025-05-15 16:00:00,2991.9,25.98,11.73,117.39,14.62,2607.63,1.159,0
W008,2025-05-15 20:00:00,3018.5,24.83,12.81,117.85,19.11,2483.06,1.149,0
W008,2025-05-16 00:00:00,3045.0,24.2,12.85,121.36,14.85,2543.81,1.112,0
W008,2025-05-16 04:00:00,3071.5,23.35,14.6,114.28,14.59,2594.15,1.119,0
W008,2025-05-16 08:00:00,3098.0,21.62,13.18,107.96,19.0,2634.38,1.143,0
W008,2025-05-16 12:00:00,3124.5,24.16,13.76,119.7,17.6,2694.53,1.139,0
W008,2025-05-16 16:00:00,3151.0,26.63,12.09,115.01,16.51,2605.46,1.133,0
W008,2025-05-16 20:00:00,3177.5,26.4,14.57,122.03,14.74,2765.56,1.139,0
W008,2025-05-17 00:00:00,3204.0,26.8,11.24,115.85,17.56,2518.83,1.153,0
W008,2025-05-17 04:00:00,3230.5,29.04,12.34,123.16,16.66,2731.82,1.111,0
W008,2025-05-17 08:00:00,3257.0,32.26,14.84,113.29,13.45,2684.2,1.123,0
W008,2025-05-17 12:00:00,3283.6,26.33,13.22,109.35,19.02,2733.69,1.16,0
W008,2025-05-17 16:00:00,3310.1,25.03,10.48,120.87,16.51,2539.03,1.166,0
W008,2025-05-17 20:00:00,3336.6,31.3,12.54,127.95,17.16,2632.78,1.137,0
W008,2025-05-18 00:00:00,3363.1,27.41,12.23,119.41,16.99,2628.51,1.163,0
W008,2025-05-18 04:00:00,3389.6,21.36,12.79,121.8,20.88,2730.88,1.138,0
W008,2025-05-18 08:00:00,3416.1,20.97,13.52,116.93,16.22,2740.85,1.15,0
W008,2025-05-18 12:00:00,3442.6,17.35,12.01,111.98,17.87,2848.72,1.152,0
W008,2025-05-18 16:00:00,3469.1,19.98,13.73,112.89,18.58,2733.86,1.168,0
W008,2025-05-18 20:00:00,3495.6,22.43,15.86,120.45,16.73,2883.41,1.155,0
W008,2025-05-19 00:00:00,3522.1,19.99,15.88,127.47,17.94,2642.11,1.148,0
W008,2025-05-19 04:00:00,3548.7,24.64,15.32,118.42,18.18,2825.17,1.146,0
W008,2025-05-19 08:00:00,3575.2,25.59,12.97,117.59,17.8,2688.24,1.146,0
W008,2025-05-19 12:00:00,3601.7,26.53,12.3,110.56,21.82,2784.19,1.116,0
W008,2025-05-19 16:00:00,3628.2,20.8,10.68,109.3,12.35,2686.77,1.135,0
W008,2025-05-19 20:00:00,3654.7,22.68,10.96,115.5,17.25,2837.19,1.174,0
W008,2025-05-20 00:00:00,3681.2,24.86,12.91,126.91,15.2,2578.61,1.152,0
W008,2025-05-20 04:00:00,3707.7,29.26,13.1,113.9,15.4,2792.98,1.168,0
W008,2025-05-20 08:00:00,3734.2,24.87,12.46,110.76,15.67,2718.31,1.138,0
W008,2025-05-20 12:00:00,3760.7,18.97,12.76,112.07,17.03,2755.66,1.156,0
W008,2025-05-20 16:00:00,3787.2,21.64,13.67,109.05,18.19,2730.15,1.133,0
W008,2025-05-20 20:00:00,3813.8,25.49,12.08,115.54,20.1,2802.82,1.157,0
W008,2025-05-21 00:00:00,3840.3,21.41,14.82,119.05,16.89,2650.89,1.126,0
W008,2025-05-21 04:00:00,3866.8,22.96,13.28,121.82,18.65,2845.43,1.147,0
W008,2025-05-21 08:00:00,3893.3,25.13,12.61,119.67,15.84,2663.68,1.116,2
W008,2025-05-21 12:00:00,3919.8,19.94,14.06,111.87,17.16,2613.99,1.129,2
W008,2025-05-21 16:00:00,3946.3,17.89,13.46,130.82,21.96,2493.13,1.115,2
W008,2025-05-21 20:00:00,3972.8,18.55,9.81,110.93,19.81,2078.59,1.071,2
W008,2025-05-22 00:00:00,3999.3,11.56,13.34,119.91,22.99,2227.26,1.066,2
W008,2025-05-22 04:00:00,4025.8,12.25,10.76,107.39,19.07,2238.78,1.074,2
W008,2025-05-22 08:00:00,4052.3,2.0,19.05,108.06,41.03,2859.54,1.167,1
W008,2025-05-22 12:00:00,4078.9,2.16,19.77,114.39,33.46,2917.23,1.166,1
W008,2025-05-22 16:00:00,4105.4,12.77,16.82,122.5,26.82,2850.47,1.148,1
W008,2025-05-22 20:00:00,4131.9,12.82,15.18,109.75,23.04,2670.47,1.156,1
W008,2025-05-23 00:00:00,4158.4,22.42,14.34,124.99,18.47,2707.13,1.17,0
W008,2025-05-23 04:00:00,4184.9,20.87,12.64,105.88,19.67,2725.6,1.166,0
W008,2025-05-23 08:00:00,4211.4,19.39,14.05,110.43,17.74,2842.26,1.176,0
W008,2025-05-23 12:00:00,4237.9,22.43,10.75,132.96,21.14,2831.21,1.153,0
W008,2025-05-23 16:00:00,4264.4,22.16,12.58,122.58,18.47,2698.51,1.158,0
W008,2025-05-23 20:00:00,4290.9,25.86,15.8,124.17,19.36,2749.27,1.117,0
W008,2025-05-24 00:00:00,4317.4,23.39,13.4,115.84,18.1,2655.56,1.175,0
W008,2025-05-24 04:00:00,4344.0,24.4,14.42,120.68,19.09,2740.93,1.166,0
W008,2025-05-24 08:00:00,4370.5,22.77,13.56,120.99,19.16,2967.71,1.201,0
W008,2025-05-24 12:00:00,4397.0,22.74,7.65,122.42,17.03,2711.53,1.162,0
W008,2025-05-24 16:00:00,4423.5,21.16,14.32,105.64,16.06,2817.47,1.178,0
W008,2025-05-24 20:00:00,4450.0,24.42,12.22,109.13,17.09,2811.09,1.191,0
W009,2025-02-07 00:00:00,500.0,23.86,14.0,110.3,19.29,2344.52,1.115,0
W009,2025-02-07 04:00:00,529.5,30.92,11.46,126.06,16.41,2391.98,1.061,0
W009,2025-02-07 08:00:00,558.9,25.48,11.69,123.81,15.23,2308.26,1.064,0
W009,2025-02-07 12:00:00,588.4,27.65,11.2,109.86,13.26,2360.12,1.113,0
W009,2025-02-07 16:00:00,617.9,32.05,11.43,116.13,15.99,2358.05,1.086,0
W009,2025-02-07 20:00:00,647.3,32.21,10.66,107.87,17.6,2202.91,1.116,0
W009,2025-02-08 00:00:00,676.8,31.52,9.55,115.15,14.23,2447.14,1.105,0
W009,2025-02-08 04:00:00,706.2,31.38,12.12,114.31,18.17,2487.81,1.087,0
W009,2025-02-08 08:00:00,735.7,32.43,12.09,113.44,14.39,2490.23,1.094,0
W009,2025-02-08 12:00:00,765.2,30.78,13.1,130.2,14.05,2364.29,1.096,0
W009,2025-02-08 16:00:00,794.6,30.29,11.56,112.06,12.72,2545.25,1.105,0
W009,2025-02-08 20:00:00,824.1,28.74,11.66,126.0,13.58,2409.65,1.076,0
W009,2025-02-09 00:00:00,853.6,29.64,11.92,108.31,14.66,2465.88,1.106,0
W009,2025-02-09 04:00:00,883.0,26.53,11.56,118.35,15.19,2495.17,1.089,0
W009,2025-02-09 08:00:00,912.5,31.24,9.25,105.4,16.41,2402.22,1.091,0
W009,2025-02-09 12:00:00,941.9,26.8,12.24,105.95,16.79,2444.2,1.077,0
W009,2025-02-09 16:00:00,971.4,30.38,14.98,122.14,13.51,2471.36,1.078,0
W009,2025-02-09 20:00:00,1000.9,25.89,10.9,118.31,16.46,2484.36,1.107,0
W009,2025-02-10 00:00:00,1030.3,25.16,10.91,120.81,15.8,2429.73,1.106,0
W009,2025-02-10 04:00:00,1059.8,30.94,8.05,121.93,14.8,2480.26,1.067,0
W009,2025-02-10 08:00:00,1089.3,34.98,9.27,130.25,18.81,2300.58,1.114,0
W009,2025-02-10 12:00:00,1118.7,26.95,10.04,111.3,15.81,2452.28,1.084,0
W009,2025-02-10 16:00:00,1148.2,31.32,10.69,104.08,14.22,2575.74,1.097,0
W009,2025-02-10 20:00:00,1177.7,24.49,12.22,109.43,15.39,2414.06,1.13,0
W009,2025-02-11 00:00:00,1207.1,29.49,9.28,112.19,12.79,2413.95,1.131,0
W009,2025-02-11 04:00:00,1236.6,31.25,14.86,117.88,16.26,2346.18,1.109,0
W009,2025-02-11 08:00:00,1266.0,27.11,12.97,108.27,16.09,2297.65,1.11,0
W009,2025-02-11 12:00:00,1295.5,29.53,9.37,106.96,13.67,2426.52,1.085,0
W009,2025-02-11 16:00:00,1325.0,31.64,12.45,118.59,13.14,2562.13,1.116,0
W009,2025-02-11 20:00:00,1354.4,25.45,9.49,114.54,15.16,2410.74,1.097,0
W009,2025-02-12 00:00:00,1383.9,29.66,7.9,123.58,17.8,2471.19,1.106,0
W009,2025-02-12 04:00:00,1413.4,30.75,11.74,113.33,18.05,2643.87,1.094,0
W009,2025-02-12 08:00:00,1442.8,28.77,10.17,118.01,14.6,2567.75,1.107,0
W009,2025-02-12 12:00:00,1472.3,27.64,14.25,110.6,17.23,2404.94,1.127,0
W009,2025-02-12 16:00:00,1501.7,32.86,11.41,101.84,14.76,2684.13,1.101,0
W009,2025-02-12 20:00:00,1531.2,32.81,10.89,111.21,17.4,2527.77,1.123,0
W009,2025-02-13 00:00:00,1560.7,27.51,13.35,120.77,18.07,2415.55,1.127,0
W009,2025-02-13 04:00:00,1590.1,25.94,11.56,113.93,14.2,2318.72,1.13,0
W009,2025-02-13 08:00:00,1619.6,25.39,11.4,110.62,15.54,2432.62,1.132,0
W009,2025-02-13 12:00:00,1649.1,25.73,14.37,121.84,15.15,2510.18,1.121,0
W009,2025-02-13 16:00:00,1678.5,30.02,13.21,116.12,14.28,2542.32,1.11,0
W009,2025-02-13 20:00:00,1708.0,19.13,12.39,110.6,15.17,2488.42,1.091,0
W009,2025-02-14 00:00:00,1737.4,27.92,11.32,109.74,16.08,2339.0,1.116,0
W009,2025-02-14 04:00:00,1766.9,28.91,12.26,119.73,18.1,2487.04,1.132,0
W009,2025-02-14 08:00:00,1796.4,27.24,10.75,112.64,16.48,2595.27,1.116,0
W009,2025-02-14 12:00:00,1825.8,25.48,13.97,106.39,14.8,2581.19,1.143,0
W009,2025-02-14 16:00:00,1855.3,28.94,12.17,113.25,16.99,2515.73,1.106,0
W009,2025-02-14 20:00:00,1884.8,25.2,10.5,115.08,17.12,2503.22,1.087,2
W009,2025-02-15 00:00:00,1914.2,24.14,13.69,125.83,18.54,2177.93,1.066,2
W009,2025-02-15 04:00:00,1943.7,17.64,10.41,115.61,18.27,2093.43,1.047,2
W009,2025-02-15 08:00:00,1973.2,20.32,12.31,130.03,18.43,1979.55,1.052,2
W009,2025-02-15 12:00:00,2002.6,21.45,13.71,105.53,17.87,2015.79,1.053,2
W009,2025-02-15 16:00:00,2032.1,18.77,13.83,117.49,19.71,2358.88,1.064,2
W009,2025-02-15 20:00:00,2061.5,18.64,13.52,113.28,14.78,2427.44,1.136,2
W009,2025-02-16 00:00:00,2091.0,27.17,13.23,109.07,12.96,2612.27,1.13,0
W009,2025-02-16 04:00:00,2120.5,26.1,14.36,104.41,13.79,2484.39,1.117,0
W009,2025-02-16 08:00:00,2149.9,31.9,11.87,113.84,13.71,2634.29,1.106,0
W009,2025-02-16 12:00:00,2179.4,23.68,11.2,115.98,14.7,2603.37,1.119,0
W009,2025-02-16 16:00:00,2208.9,30.66,12.56,125.75,15.2,2618.93,1.097,0
W009,2025-02-16 20:00:00,2238.3,36.17,12.99,113.22,15.53,2523.98,1.152,0
W009,2025-02-17 00:00:00,2267.8,30.2,11.14,107.57,18.15,2624.93,1.136,0
W009,2025-02-17 04:00:00,2297.2,27.25,11.35,125.11,19.2,2610.31,1.14,0
W009,2025-02-17 08:00:00,2326.7,28.21,9.75,109.12,18.06,2670.57,1.142,0
W009,2025-02-17 12:00:00,2356.2,28.54,13.44,114.65,17.12,2540.76,1.111,0
W009,2025-02-17 16:00:00,2385.6,30.09,13.71,129.84,16.48,2468.12,1.123,0
W009,2025-02-17 20:00:00,2415.1,27.09,12.02,117.83,16.65,2635.6,1.131,0
W009,2025-02-18 00:00:00,2444.6,20.82,12.14,115.52,16.99,2536.37,1.132,0
W009,2025-02-18 04:00:00,2474.0,26.67,12.36,119.06,17.13,2586.24,1.086,0
W009,2025-02-18 08:00:00,2503.5,21.57,10.89,116.3,19.29,2564.73,1.143,0
W009,2025-02-18 12:00:00,2533.0,26.94,12.81,118.44,17.44,2565.82,1.137,0
W009,2025-02-18 16:00:00,2562.4,29.34,13.31,116.31,15.42,2709.29,1.11,0
W009,2025-02-18 20:00:00,2591.9,19.88,13.16,109.72,18.96,2433.57,1.146,0
W009,2025-02-19 00:00:00,2621.3,27.46,12.78,102.4,13.9,2609.94,1.129,0
W009,2025-02-19 04:00:00,2650.8,25.15,12.93,114.07,13.92,2687.4,1.123,3
W009,2025-02-19 08:00:00,2680.3,15.85,11.56,123.83,21.34,2731.55,1.13,3
W009,2025-02-19 12:00:00,2709.7,20.01,15.65,115.82,25.26,2535.12,1.151,3
W009,2025-02-19 16:00:00,2739.2,12.64,16.76,117.0,31.09,2872.46,1.123,3
W009,2025-02-19 20:00:00,2768.7,13.03,12.26,116.72,27.08,2849.48,1.163,3
W009,2025-02-20 00:00:00,2798.1,23.95,14.15,124.6,22.97,2623.66,1.118,3
W009,2025-02-20 04:00:00,2827.6,24.51,11.36,102.02,17.85,2680.45,1.122,3
W009,2025-02-20 08:00:00,2857.0,26.97,15.38,112.03,15.42,2641.17,1.147,0
W009,2025-02-20 12:00:00,2886.5,23.91,15.64,120.41,16.31,2474.19,1.158,0
W009,2025-02-20 16:00:00,2916.0,28.58,12.15,117.1,16.73,2667.61,1.123,0
W009,2025-02-20 20:00:00,2945.4,21.5,13.82,120.63,16.12,2556.58,1.156,0
W009,2025-02-21 00:00:00,2974.9,22.85,12.68,114.57,14.36,2644.53,1.141,0
W009,2025-02-21 04:00:00,3004.4,26.08,12.84,127.81,19.09,2633.97,1.142,0
W009,2025-02-21 08:00:00,3033.8,30.29,13.89,107.63,18.71,2745.57,1.165,0
W009,2025-02-21 12:00:00,3063.3,23.8,11.89,109.35,17.55,2702.92,1.134,0
W009,2025-02-21 16:00:00,3092.8,24.57,9.52,124.06,14.18,2673.93,1.145,0
W009,2025-02-21 20:00:00,3122.2,25.14,12.7,108.93,16.41,2730.65,1.161,0
W009,2025-02-22 00:00:00,3151.7,23.74,10.26,110.33,20.33,2581.96,1.142,0
W009,2025-02-22 04:00:00,3181.1,29.25,11.81,114.01,18.43,2803.99,1.134,0
W009,2025-02-22 08:00:00,3210.6,29.18,12.18,109.68,17.45,2548.99,1.151,0
W009,2025-02-22 12:00:00,3240.1,34.45,14.26,114.37,18.89,2572.57,1.133,0
W009,2025-02-22 16:00:00,3269.5,24.77,12.73,107.24,16.45,2646.64,1.169,0
W009,2025-02-22 20:00:00,3299.0,21.12,10.52,116.05,19.07,2712.53,1.151,0
W009,2025-02-23 00:00:00,3328.5,24.13,13.61,119.96,16.54,2580.75,1.132,0
W009,2025-02-23 04:00:00,3357.9,27.64,10.28,125.06,16.18,2697.23,1.158,0
W009,2025-02-23 08:00:00,3387.4,22.95,11.91,115.79,15.46,2576.52,1.133,0
W009,2025-02-23 12:00:00,3416.8,28.63,13.2,110.24,18.57,2609.46,1.119,0
W009,2025-02-23 16:00:00,3446.3,27.09,15.07,118.35,13.6,2676.97,1.145,0
W009,2025-02-23 20:00:00,3475.8,26.13,11.33,113.0,14.44,2702.29,1.129,0
W009,2025-02-24 00:00:00,3505.2,26.31,11.47,96.15,18.43,2730.04,1.17,0
W009,2025-02-24 04:00:00,3534.7,18.73,11.62,115.79,18.03,2557.16,1.157,0
W009,2025-02-24 08:00:00,3564.2,23.28,9.82,110.5,17.93,2528.86,1.161,0
W009,2025-02-24 12:00:00,3593.6,25.85,12.22,105.19,14.2,2659.44,1.135,0
W009,2025-02-24 16:00:00,3623.1,24.0,13.96,113.36,16.46,2671.57,1.168,0
W009,2025-02-24 20:00:00,3652.6,28.88,13.23,115.82,17.41,2830.3,1.16,0
W009,2025-02-25 00:00:00,3682.0,27.07,12.77,106.99,16.8,2654.37,1.178,0
W009,2025-02-25 04:00:00,3711.5,24.71,12.44,119.85,17.77,2855.37,1.149,0
W009,2025-02-25 08:00:00,3740.9,17.88,13.12,113.0,15.58,2764.24,1.176,0
W009,2025-02-25 12:00:00,3770.4,19.13,14.86,111.36,17.96,2703.06,1.155,0
W009,2025-02-25 16:00:00,3799.9,23.92,11.86,122.76,18.91,2793.19,1.144,0
W009,2025-02-25 20:00:00,3829.3,19.16,15.17,108.05,18.27,2812.94,1.155,0
W009,2025-02-26 00:00:00,3858.8,26.01,12.99,107.34,18.67,2742.31,1.197,0
W009,2025-02-26 04:00:00,3888.3,19.66,13.02,110.61,17.74,2711.26,1.145,0
W009,2025-02-26 08:00:00,3917.7,23.9,13.08,123.07,16.83,2898.47,1.162,0
W009,2025-02-26 12:00:00,3947.2,26.31,13.57,110.32,17.53,2609.38,1.157,0
W009,2025-02-26 16:00:00,3976.6,23.02,13.47,122.98,17.73,2566.97,1.213,0
W009,2025-02-26 20:00:00,4006.1,20.43,14.85,105.97,18.44,2669.16,1.118,0
W009,2025-02-27 00:00:00,4035.6,21.65,13.32,113.69,18.44,2719.66,1.162,0
W009,2025-02-27 04:00:00,4065.0,23.01,13.35,113.98,16.39,2800.65,1.157,0
W009,2025-02-27 08:00:00,4094.5,21.41,14.17,116.27,16.74,2862.95,1.144,0
W009,2025-02-27 12:00:00,4124.0,19.41,14.4,125.51,16.96,2790.79,1.145,0
W009,2025-02-27 16:00:00,4153.4,19.71,15.1,117.19,20.09,2854.64,1.132,0
W009,2025-02-27 20:00:00,4182.9,18.91,13.81,104.82,16.1,2888.54,1.156,0
W009,2025-02-28 00:00:00,4212.3,24.63,13.36,110.92,15.0,2784.36,1.186,0
W009,2025-02-28 04:00:00,4241.8,20.55,13.5,105.88,16.79,2797.28,1.176,0
W009,2025-02-28 08:00:00,4271.3,24.17,10.35,112.26,16.26,2742.03,1.164,0
W009,2025-02-28 12:00:00,4300.7,25.7,13.84,123.51,16.74,2645.54,1.188,0
W009,2025-02-28 16:00:00,4330.2,23.8,12.29,117.63,19.5,2787.05,1.156,0
W009,2025-02-28 20:00:00,4359.7,21.18,13.84,116.19,20.18,2754.73,1.153,0
W009,2025-03-01 00:00:00,4389.1,30.23,13.66,120.01,18.94,2799.6,1.164,0
W009,2025-03-01 04:00:00,4418.6,14.09,11.81,116.97,13.11,2792.49,1.178,0
W009,2025-03-01 08:00:00,4448.1,25.0,14.3,120.75,20.89,2887.94,1.172,0
W009,2025-03-01 12:00:00,4477.5,22.1,13.57,113.35,20.01,2844.02,1.164,0
W009,2025-03-01 16:00:00,4507.0,26.47,12.96,109.33,17.98,2721.6,1.184,0
W009,2025-03-01 20:00:00,4536.4,19.96,13.23,120.64,16.72,2836.01,1.156,0
W009,2025-03-02 00:00:00,4565.9,23.23,14.25,114.75,18.06,2842.21,1.167,0
W009,2025-03-02 04:00:00,4595.4,25.17,15.46,109.45,21.18,2778.18,1.202,0
W009,2025-03-02 08:00:00,4624.8,21.63,14.46,119.21,17.3,2815.27,1.194,0
W009,2025-03-02 12:00:00,4654.3,21.53,12.77,108.08,20.82,2768.7,1.191,0
W009,2025-03-02 16:00:00,4683.8,20.7,15.15,119.84,17.59,2749.13,1.164,0
W009,2025-03-02 20:00:00,4713.2,20.5,15.0,115.96,15.99,2795.76,1.172,0
W009,2025-03-03 00:00:00,4742.7,16.08,13.11,119.34,17.75,2844.59,1.182,0
W009,2025-03-03 04:00:00,4772.1,21.47,14.5,123.74,15.26,2793.9,1.21,0
W009,2025-03-03 08:00:00,4801.6,23.01,13.35,113.45,20.29,2743.67,1.19,0
W009,2025-03-03 12:00:00,4831.1,21.67,12.28,113.61,17.92,2786.62,1.193,0
W009,2025-03-03 16:00:00,4860.5,20.27,13.61,118.22,18.23,2904.16,1.171,0
W009,2025-03-03 20:00:00,4890.0,24.37,14.38,120.81,14.61,2883.71,1.191,0
W010,2025-09-27 00:00:00,500.0,28.15,10.63,115.16,16.23,2386.09,1.104,0
W010,2025-09-27 04:00:00,526.8,35.92,10.04,118.66,15.58,2359.67,1.1,0
W010,2025-09-27 08:00:00,553.7,29.2,11.48,107.17,14.03,2455.18,1.106,0
W010,2025-09-27 12:00:00,580.5,30.78,10.32,119.95,17.23,2326.75,1.07,0
W010,2025-09-27 16:00:00,607.4,31.35,12.37,118.52,17.82,2508.05,1.088,0
W010,2025-09-27 20:00:00,634.2,30.6,10.26,108.87,13.27,2434.3,1.097,0
W010,2025-09-28 00:00:00,661.1,32.67,14.8,118.0,13.58,2465.88,1.081,0
W010,2025-09-28 04:00:00,687.9,35.25,8.04,111.72,16.12,2481.65,1.084,0
W010,2025-09-28 08:00:00,714.8,27.43,11.22,126.45,12.23,2350.35,1.098,0
W010,2025-09-28 12:00:00,741.6,27.61,9.8,113.6,15.53,2364.02,1.117,0
W010,2025-09-28 16:00:00,768.5,31.78,11.57,121.17,15.72,2344.64,1.091,0
W010,2025-09-28 20:00:00,795.3,26.61,14.01,120.58,10.39,2507.46,1.074,0
W010,2025-09-29 00:00:00,822.1,31.56,7.69,112.43,17.41,2516.13,1.101,0
W010,2025-09-29 04:00:00,849.0,32.36,8.88,118.23,16.53,2624.67,1.088,0
W010,2025-09-29 08:00:00,875.8,30.05,11.12,119.19,16.58,2491.82,1.112,0
W010,2025-09-29 12:00:00,902.7,25.56,7.08,111.91,14.94,2344.1,1.091,0
W010,2025-09-29 16:00:00,929.5,28.99,11.87,108.8,14.86,2395.93,1.107,0
W010,2025-09-29 20:00:00,956.4,33.49,13.53,110.52,11.4,2383.43,1.075,0
W010,2025-09-30 00:00:00,983.2,38.2,9.69,118.38,16.68,2438.81,1.131,0
W010,2025-09-30 04:00:00,1010.1,29.39,9.75,109.68,16.35,2394.03,1.087,0
W010,2025-09-30 08:00:00,1036.9,31.32,12.06,116.63,16.62,2421.99,1.092,0
W010,2025-09-30 12:00:00,1063.8,32.43,9.66,108.23,17.08,2385.71,1.126,0
W010,2025-09-30 16:00:00,1090.6,32.57,10.36,117.92,19.55,2487.85,1.111,0
W010,2025-09-30 20:00:00,1117.4,28.22,13.77,122.91,13.95,2592.16,1.105,0
W010,2025-10-01 00:00:00,1144.3,24.98,10.9,120.27,14.5,2326.59,1.096,0
W010,2025-10-01 04:00:00,1171.1,26.63,10.79,112.28,17.65,2451.91,1.096,0
W010,2025-10-01 08:00:00,1198.0,26.22,11.6,114.55,15.87,2511.0,1.107,0
W010,2025-10-01 12:00:00,1224.8,28.18,13.94,126.26,13.78,2292.63,1.099,0
W010,2025-10-01 16:00:00,1251.7,29.85,12.36,121.32,15.29,2261.58,1.085,0
W010,2025-10-01 20:00:00,1278.5,29.19,13.39,103.56,18.54,2482.45,1.105,0
W010,2025-10-02 00:00:00,1305.4,25.62,14.19,120.38,16.88,2377.76,1.13,0
W010,2025-10-02 04:00:00,1332.2,27.59,12.25,115.44,14.62,2475.32,1.117,0
W010,2025-10-02 08:00:00,1359.1,26.18,12.15,115.35,17.65,2422.59,1.111,0
W010,2025-10-02 12:00:00,1385.9,28.81,11.32,110.05,14.81,2489.28,1.104,0
W010,2025-10-02 16:00:00,1412.8,26.75,12.71,121.12,18.15,2400.28,1.122,0
W010,2025-10-02 20:00:00,1439.6,33.75,11.99,114.56,15.49,2362.62,1.121,0
W010,2025-10-03 00:00:00,1466.4,27.29,11.58,119.12,17.4,2407.23,1.101,0
W010,2025-10-03 04:00:00,1493.3,25.64,14.97,123.86,17.27,2430.47,1.106,0
W010,2025-10-03 08:00:00,1520.1,28.59,15.11,116.73,16.92,2237.81,1.114,0
W010,2025-10-03 12:00:00,1547.0,23.32,11.07,115.28,15.46,2412.93,1.102,0
W010,2025-10-03 16:00:00,1573.8,26.87,11.42,115.12,15.9,2588.22,1.081,0
W010,2025-10-03 20:00:00,1600.7,28.23,11.91,114.19,14.73,2462.6,1.088,0
W010,2025-10-04 00:00:00,1627.5,28.12,12.38,110.78,19.49,2468.19,1.113,0
W010,2025-10-04 04:00:00,1654.4,31.51,15.01,108.26,14.96,2472.74,1.102,0
W010,2025-10-04 08:00:00,1681.2,30.04,10.52,122.6,17.12,2589.7,1.101,0
W010,2025-10-04 12:00:00,1708.1,26.35,13.15,119.3,15.48,2474.88,1.108,0
W010,2025-10-04 16:00:00,1734.9,26.99,10.35,108.2,17.81,2472.35,1.132,0
W010,2025-10-04 20:00:00,1761.7,29.29,12.27,110.74,13.82,2452.67,1.138,0
W010,2025-10-05 00:00:00,1788.6,30.17,10.97,112.33,14.33,2357.51,1.117,0
W010,2025-10-05 04:00:00,1815.4,32.68,14.41,118.65,14.92,2369.24,1.132,0
W010,2025-10-05 08:00:00,1842.3,28.84,11.33,112.1,17.08,2428.26,1.12,0
W010,2025-10-05 12:00:00,1869.1,23.84,15.14,110.88,17.17,2397.78,1.115,0
W010,2025-10-05 16:00:00,1896.0,30.15,13.45,119.58,15.75,2448.62,1.102,0
W010,2025-10-05 20:00:00,1922.8,32.01,11.96,116.73,18.1,2564.32,1.117,0
W010,2025-10-06 00:00:00,1949.7,29.73,10.87,105.69,18.54,2465.93,1.114,0
W010,2025-10-06 04:00:00,1976.5,26.85,10.9,121.61,16.67,2490.08,1.1,0
W010,2025-10-06 08:00:00,2003.4,28.41,8.12,116.4,18.42,2526.18,1.138,0
W010,2025-10-06 12:00:00,2030.2,23.81,14.86,121.58,16.86,2469.47,1.109,0
W010,2025-10-06 16:00:00,2057.0,27.29,13.6,107.11,16.02,2592.35,1.135,0
W010,2025-10-06 20:00:00,2083.9,29.69,9.67,121.79,16.12,2431.52,1.121,0
W010,2025-10-07 00:00:00,2110.7,21.62,12.67,114.23,13.71,2506.07,1.112,0
W010,2025-10-07 04:00:00,2137.6,25.57,8.41,104.97,15.59,2498.98,1.137,0
W010,2025-10-07 08:00:00,2164.4,24.86,11.01,112.12,16.09,2464.54,1.105,2
W010,2025-10-07 12:00:00,2191.3,27.5,15.25,110.05,17.73,2355.44,1.112,2
W010,2025-10-07 16:00:00,2218.1,25.0,10.71,108.01,18.96,2104.92,1.092,2
W010,2025-10-07 20:00:00,2245.0,24.72,11.93,107.13,19.88,2204.22,1.048,2
W010,2025-10-08 00:00:00,2271.8,17.77,12.46,117.8,19.04,2080.83,1.074,2
W010,2025-10-08 04:00:00,2298.7,21.55,12.11,117.64,21.78,2078.98,1.062,2
W010,2025-10-08 08:00:00,2325.5,4.11,17.29,110.75,37.15,2716.55,1.144,1
W010,2025-10-08 12:00:00,2352.3,4.94,20.18,101.28,33.92,2767.65,1.085,1
W010,2025-10-08 16:00:00,2379.2,10.34,13.89,109.93,24.24,2596.96,1.101,1
W010,2025-10-08 20:00:00,2406.0,20.68,13.29,119.57,16.55,2606.94,1.115,1
W010,2025-10-09 00:00:00,2432.9,24.56,12.19,125.26,18.2,2530.44,1.131,0
W010,2025-10-09 04:00:00,2459.7,27.72,13.38,125.01,15.58,2658.32,1.123,0
W010,2025-10-09 08:00:00,2486.6,25.58,11.76,114.15,17.38,2626.92,1.131,0
W010,2025-10-09 12:00:00,2513.4,17.54,12.48,123.82,16.85,2711.34,1.128,0
W010,2025-10-09 16:00:00,2540.3,20.28,11.95,111.65,16.59,2472.75,1.131,0
W010,2025-10-09 20:00:00,2567.1,24.02,14.53,107.74,17.44,2619.38,1.143,0
W010,2025-10-10 00:00:00,2594.0,23.91,12.93,117.12,14.03,2555.84,1.131,0
W010,2025-10-10 04:00:00,2620.8,25.25,12.71,117.63,20.49,2534.7,1.138,0
W010,2025-10-10 08:00:00,2647.7,28.9,9.9,116.61,13.98,2787.94,1.141,0
W010,2025-10-10 12:00:00,2674.5,26.16,9.79,111.97,16.1,2753.18,1.144,0
W010,2025-10-10 16:00:00,2701.3,20.04,13.3,105.98,14.07,2637.96,1.145,0
W010,2025-10-10 20:00:00,2728.2,26.38,15.42,117.21,17.31,2490.66,1.147,0
W010,2025-10-11 00:00:00,2755.0,20.05,15.63,120.22,22.02,2638.09,1.149,0
W010,2025-10-11 04:00:00,2781.9,24.17,12.54,108.69,14.39,2623.06,1.135,0
W010,2025-10-11 08:00:00,2808.7,21.77,11.25,115.19,15.03,2641.06,1.12,0
W010,2025-10-11 12:00:00,2835.6,25.77,10.87,108.12,12.75,2597.49,1.159,0
W010,2025-10-11 16:00:00,2862.4,29.19,13.09,102.99,18.52,2635.18,1.131,0
W010,2025-10-11 20:00:00,2889.3,28.62,13.52,126.77,14.47,2498.35,1.12,0
W010,2025-10-12 00:00:00,2916.1,24.14,14.98,111.26,15.92,2658.33,1.151,0
W010,2025-10-12 04:00:00,2943.0,18.29,14.16,111.07,16.82,2751.37,1.136,0
W010,2025-10-12 08:00:00,2969.8,20.4,10.39,114.83,16.4,2632.03,1.133,0
W010,2025-10-12 12:00:00,2996.6,28.72,12.64,104.42,18.47,2801.2,1.142,0
W010,2025-10-12 16:00:00,3023.5,25.7,11.43,113.55,17.91,2734.44,1.147,0
W010,2025-10-12 20:00:00,3050.3,30.45,12.75,108.27,15.03,2746.63,1.156,0
W010,2025-10-13 00:00:00,3077.2,20.07,12.29,113.96,15.65,2511.56,1.13,0
W010,2025-10-13 04:00:00,3104.0,22.14,10.52,119.97,17.51,2599.67,1.111,0
W010,2025-10-13 08:00:00,3130.9,24.1,13.38,110.58,14.93,2633.32,1.148,0
W010,2025-10-13 12:00:00,3157.7,19.0,14.63,107.51,16.24,2753.66,1.145,0
W010,2025-10-13 16:00:00,3184.6,28.29,14.93,106.24,18.62,2769.6,1.138,0
W010,2025-10-13 20:00:00,3211.4,24.11,9.73,119.69,12.44,2740.45,1.123,0
W010,2025-10-14 00:00:00,3238.3,29.17,13.19,121.05,15.54,2536.2,1.118,0
W010,2025-10-14 04:00:00,3265.1,28.27,13.59,119.19,17.52,2708.11,1.141,0
W010,2025-10-14 08:00:00,3291.9,26.11,11.31,112.94,22.48,2665.62,1.116,0
W010,2025-10-14 12:00:00,3318.8,23.77,11.01,115.96,15.4,2646.0,1.135,0
W010,2025-10-14 16:00:00,3345.6,25.59,11.66,117.14,20.51,2564.12,1.158,0
W010,2025-10-14 20:00:00,3372.5,17.64,12.25,116.37,15.65,2510.11,1.147,0
W010,2025-10-15 00:00:00,3399.3,27.1,13.18,118.35,20.03,2896.36,1.132,0
W010,2025-10-15 04:00:00,3426.2,19.65,12.96,118.69,13.82,2735.72,1.151,0
W010,2025-10-15 08:00:00,3453.0,20.9,14.04,120.34,19.85,2681.16,1.154,0
W010,2025-10-15 12:00:00,3479.9,23.36,15.25,117.29,19.16,2763.12,1.179,0
W010,2025-10-15 16:00:00,3506.7,20.74,15.84,129.83,17.06,2666.23,1.144,0
W010,2025-10-15 20:00:00,3533.6,24.47,10.61,112.0,17.51,2656.19,1.145,0
W010,2025-10-16 00:00:00,3560.4,21.03,14.57,118.23,21.07,2761.84,1.135,0
W010,2025-10-16 04:00:00,3587.2,21.99,12.99,116.53,19.97,2711.32,1.155,0
W010,2025-10-16 08:00:00,3614.1,22.53,14.62,111.59,15.38,2755.56,1.158,0
W010,2025-10-16 12:00:00,3640.9,26.47,9.76,114.4,18.19,2564.52,1.152,0
W010,2025-10-16 16:00:00,3667.8,26.06,16.53,120.89,17.42,2816.99,1.167,0
W010,2025-10-16 20:00:00,3694.6,21.05,12.53,113.99,16.11,2678.44,1.161,0
W010,2025-10-17 00:00:00,3721.5,25.62,12.83,123.33,19.17,2771.97,1.141,0
W010,2025-10-17 04:00:00,3748.3,27.92,14.23,113.0,17.08,2684.37,1.14,0
W010,2025-10-17 08:00:00,3775.2,25.46,12.03,116.74,17.19,2775.64,1.168,0
W010,2025-10-17 12:00:00,3802.0,20.57,13.35,106.34,21.06,2814.34,1.135,0
W010,2025-10-17 16:00:00,3828.9,19.9,13.2,115.23,16.77,2618.13,1.163,0
W010,2025-10-17 20:00:00,3855.7,27.72,13.48,113.25,17.29,2625.42,1.147,0
W010,2025-10-18 00:00:00,3882.6,25.91,10.29,115.42,18.05,2737.74,1.169,0
W010,2025-10-18 04:00:00,3909.4,22.68,12.72,111.06,20.34,2823.73,1.201,0
W010,2025-10-18 08:00:00,3936.2,21.66,12.44,117.72,18.77,2790.26,1.171,0
W010,2025-10-18 12:00:00,3963.1,24.38,15.01,122.25,20.21,2532.42,1.163,0
W010,2025-10-18 16:00:00,3989.9,19.73,14.98,101.31,20.64,2661.07,1.143,0
W010,2025-10-18 20:00:00,4016.8,23.57,12.84,125.68,20.45,2695.87,1.176,0
W010,2025-10-19 00:00:00,4043.6,20.86,12.57,119.29,20.62,2705.1,1.155,0
W010,2025-10-19 04:00:00,4070.5,23.4,12.06,124.39,16.37,2690.76,1.188,0
W010,2025-10-19 08:00:00,4097.3,23.14,16.32,113.68,22.54,2806.11,1.151,0
W010,2025-10-19 12:00:00,4124.2,20.2,11.21,106.91,16.81,2664.41,1.124,0
W010,2025-10-19 16:00:00,4151.0,25.02,14.56,116.85,15.96,2904.82,1.16,0
W010,2025-10-19 20:00:00,4177.9,20.0,13.75,116.05,13.5,2756.78,1.165,0
W010,2025-10-20 00:00:00,4204.7,21.36,11.42,107.25,18.93,2831.06,1.157,0
W010,2025-10-20 04:00:00,4231.5,23.65,12.71,109.88,18.39,2662.05,1.193,0
W010,2025-10-20 08:00:00,4258.4,18.19,13.83,115.9,18.11,2901.93,1.125,0
W010,2025-10-20 12:00:00,4285.2,23.74,12.99,118.5,18.1,2764.62,1.148,0
W010,2025-10-20 16:00:00,4312.1,20.48,18.1,118.56,19.89,2742.66,1.153,0
W010,2025-10-20 20:00:00,4338.9,24.83,10.54,111.1,17.36,2862.33,1.173,0
W010,2025-10-21 00:00:00,4365.8,21.08,13.95,113.18,19.93,2801.49,1.193,0
W010,2025-10-21 04:00:00,4392.6,21.67,15.24,115.54,16.74,3017.33,1.187,0
W010,2025-10-21 08:00:00,4419.5,23.2,14.55,108.51,16.12,2886.41,1.168,0
W010,2025-10-21 12:00:00,4446.3,22.03,12.97,115.91,17.54,2606.2,1.19,0
W010,2025-10-21 16:00:00,4473.2,22.17,16.15,104.43,14.82,2767.26,1.184,0
W010,2025-10-21 20:00:00,4500.0,18.84,11.51,117.23,17.44,2843.97,1.166,0
W011,2025-08-22 00:00:00,500.0,28.69,10.95,115.24,16.61,2408.2,1.088,0
W011,2025-08-22 04:00:00,519.8,32.29,11.6,112.44,14.78,2343.84,1.098,0
W011,2025-08-22 08:00:00,539.6,28.9,10.41,126.81,16.69,2290.9,1.099,0
W011,2025-08-22 12:00:00,559.4,30.36,11.59,115.82,17.14,2392.64,1.09,0
W011,2025-08-22 16:00:00,579.2,33.13,11.35,115.73,15.57,2355.29,1.092,0
W011,2025-08-22 20:00:00,599.0,28.24,9.87,109.01,12.49,2286.71,1.089,0
W011,2025-08-23 00:00:00,618.8,30.31,10.59,100.87,17.83,2465.85,1.099,0
W011,2025-08-23 04:00:00,638.6,35.72,9.53,126.33,13.26,2391.73,1.074,0
W011,2025-08-23 08:00:00,658.4,30.04,11.58,114.07,16.28,2381.33,1.085,0
W011,2025-08-23 12:00:00,678.2,28.3,12.22,111.08,16.65,2484.64,1.069,0
W011,2025-08-23 16:00:00,698.0,33.4,14.09,116.51,16.08,2470.11,1.09,0
W011,2025-08-23 20:00:00,717.8,30.55,9.03,115.83,15.9,2425.41,1.11,0
W011,2025-08-24 00:00:00,737.6,27.68,10.2,126.37,14.73,2399.14,1.094,0
W011,2025-08-24 04:00:00,757.4,27.53,13.44,111.83,12.97,2342.75,1.065,0
W011,2025-08-24 08:00:00,777.2,28.05,9.55,118.7,13.79,2465.39,1.117,0
W011,2025-08-24 12:00:00,797.0,32.34,10.68,115.85,12.26,2375.63,1.083,0
W011,2025-08-24 16:00:00,816.8,32.08,14.86,118.0,11.42,2357.33,1.098,0
W011,2025-08-24 20:00:00,836.6,30.26,9.9,116.47,12.76,2306.98,1.106,0
W011,2025-08-25 00:00:00,856.4,26.95,11.81,106.78,18.18,2324.52,1.094,0
W011,2025-08-25 04:00:00,876.2,28.49,10.95,115.86,17.04,2482.83,1.109,0
W011,2025-08-25 08:00:00,896.0,26.98,11.58,129.09,17.71,2315.59,1.099,0
W011,2025-08-25 12:00:00,915.8,26.49,11.6,107.62,15.26,2563.77,1.107,0
W011,2025-08-25 16:00:00,935.6,20.03,13.63,121.54,15.35,2467.47,1.086,0
W011,2025-08-25 20:00:00,955.4,26.09,14.05,113.37,12.63,2399.39,1.098,0
W011,2025-08-26 00:00:00,975.2,31.1,11.82,112.47,17.88,2418.14,1.088,0
W011,2025-08-26 04:00:00,995.0,30.96,12.09,115.02,16.32,2313.09,1.092,0
W011,2025-08-26 08:00:00,1014.8,27.51,11.51,122.63,16.39,2488.57,1.1,0
W011,2025-08-26 12:00:00,1034.6,30.67,12.4,115.08,15.98,2327.9,1.108,0
W011,2025-08-26 16:00:00,1054.4,27.38,11.05,121.64,13.75,2377.96,1.117,0
W011,2025-08-26 20:00:00,1074.2,28.45,11.73,116.51,16.32,2281.66,1.096,0
W011,2025-08-27 00:00:00,1094.0,32.35,10.81,113.09,15.03,2412.5,1.093,0
W011,2025-08-27 04:00:00,1113.8,28.96,12.1,119.64,14.11,2391.88,1.099,0
W011,2025-08-27 08:00:00,1133.6,28.87,10.61,120.49,18.14,2335.69,1.095,0
W011,2025-08-27 12:00:00,1153.4,25.9,15.75,112.42,19.02,2312.87,1.088,0
W011,2025-08-27 16:00:00,1173.2,25.44,10.53,113.39,14.72,2355.31,1.121,0
W011,2025-08-27 20:00:00,1193.0,31.17,13.22,118.14,16.17,2386.49,1.09,0
W011,2025-08-28 00:00:00,1212.8,28.59,10.04,109.04,18.08,2604.46,1.11,0
W011,2025-08-28 04:00:00,1232.6,30.82,11.43,106.97,17.1,2486.82,1.106,0
W011,2025-08-28 08:00:00,1252.3,26.77,13.24,109.09,14.61,2347.03,1.106,0
W011,2025-08-28 12:00:00,1272.1,24.24,10.77,110.77,15.53,2306.07,1.107,0
W011,2025-08-28 16:00:00,1291.9,31.24,12.0,124.25,18.4,2512.11,1.107,0
W011,2025-08-28 20:00:00,1311.7,27.57,12.95,112.65,12.61,2488.57,1.089,0
W011,2025-08-29 00:00:00,1331.5,24.61,11.8,114.43,13.46,2461.36,1.121,0
W011,2025-08-29 04:00:00,1351.3,24.11,13.71,105.64,19.81,2411.63,1.109,0
W011,2025-08-29 08:00:00,1371.1,21.82,11.71,116.37,15.84,2400.15,1.093,0
W011,2025-08-29 12:00:00,1390.9,30.89,11.85,124.24,15.05,2413.87,1.12,0
W011,2025-08-29 16:00:00,1410.7,22.63,9.98,121.58,13.89,2291.47,1.136,0
W011,2025-08-29 20:00:00,1430.5,23.32,12.08,115.41,10.94,2433.3,1.115,0
W011,2025-08-30 00:00:00,1450.3,28.56,13.16,112.68,17.28,2397.5,1.088,0
W011,2025-08-30 04:00:00,1470.1,23.61,9.61,121.06,13.27,2486.38,1.105,0
W011,2025-08-30 08:00:00,1489.9,27.19,13.85,112.37,17.1,2467.27,1.108,0
W011,2025-08-30 12:00:00,1509.7,34.4,9.64,122.73,17.18,2422.91,1.135,0
W011,2025-08-30 16:00:00,1529.5,21.96,11.02,107.75,16.74,2368.07,1.117,0
W011,2025-08-30 20:00:00,1549.3,26.94,11.08,117.33,15.52,2372.45,1.153,0
W011,2025-08-31 00:00:00,1569.1,26.04,8.47,109.95,13.72,2546.96,1.116,0
W011,2025-08-31 04:00:00,1588.9,28.7,11.24,113.32,15.33,2467.47,1.124,0
W011,2025-08-31 08:00:00,1608.7,28.51,12.55,118.0,17.59,2502.89,1.118,0
W011,2025-08-31 12:00:00,1628.5,31.07,10.8,109.87,13.87,2495.6,1.085,0
W011,2025-08-31 16:00:00,1648.3,28.89,11.64,121.81,14.79,2463.02,1.13,0
W011,2025-08-31 20:00:00,1668.1,31.65,10.78,116.09,16.53,2517.12,1.109,0
W011,2025-09-01 00:00:00,1687.9,31.34,8.97,112.47,16.81,2526.82,1.134,0
W011,2025-09-01 04:00:00,1707.7,31.09,11.37,122.8,14.71,2571.63,1.141,0
W011,2025-09-01 08:00:00,1727.5,28.64,12.76,113.01,14.25,2517.98,1.098,0
W011,2025-09-01 12:00:00,1747.3,22.62,10.81,112.24,16.95,2516.83,1.106,0
W011,2025-09-01 16:00:00,1767.1,28.21,12.29,110.27,17.41,2671.1,1.12,0
W011,2025-09-01 20:00:00,1786.9,23.91,10.31,113.68,17.42,2461.68,1.091,0
W011,2025-09-02 00:00:00,1806.7,22.45,14.78,123.6,15.4,2559.29,1.098,0
W011,2025-09-02 04:00:00,1826.5,29.21,12.97,120.7,13.91,2561.9,1.116,0
W011,2025-09-02 08:00:00,1846.3,27.56,13.97,115.39,15.92,2573.27,1.116,0
W011,2025-09-02 12:00:00,1866.1,22.38,11.22,106.14,16.08,2604.51,1.12,0
W011,2025-09-02 16:00:00,1885.9,23.41,13.81,110.01,17.17,2491.28,1.129,0
W011,2025-09-02 20:00:00,1905.7,20.27,11.32,105.17,16.53,2618.66,1.111,0
W011,2025-09-03 00:00:00,1925.5,23.47,13.91,121.41,16.84,2573.43,1.102,0
W011,2025-09-03 04:00:00,1945.3,29.13,15.82,118.13,13.25,2463.74,1.128,0
W011,2025-09-03 08:00:00,1965.1,23.74,14.51,118.53,15.73,2519.06,1.106,0
W011,2025-09-03 12:00:00,1984.9,24.45,11.77,122.05,20.81,2389.53,1.091,0
W011,2025-09-03 16:00:00,2004.7,24.26,10.32,115.28,18.35,2654.99,1.123,0
W011,2025-09-03 20:00:00,2024.5,24.42,9.63,115.16,17.13,2580.2,1.11,0
W011,2025-09-04 00:00:00,2044.3,23.69,10.38,101.25,15.0,2383.54,1.126,0
W011,2025-09-04 04:00:00,2064.1,23.45,11.79,109.09,11.18,2662.8,1.106,0
W011,2025-09-04 08:00:00,2083.9,23.76,10.42,120.83,17.26,2454.86,1.116,0
W011,2025-09-04 12:00:00,2103.7,30.03,12.49,113.91,15.31,2360.89,1.12,0
W011,2025-09-04 16:00:00,2123.5,25.98,14.25,101.51,14.97,2481.32,1.122,0
W011,2025-09-04 20:00:00,2143.3,23.58,12.42,117.45,15.97,2510.97,1.114,2
W011,2025-09-05 00:00:00,2163.1,22.27,15.0,124.34,19.74,2071.22,1.119,2
W011,2025-09-05 04:00:00,2182.9,24.59,15.61,122.42,21.52,2312.21,1.099,2
W011,2025-09-05 08:00:00,2202.7,27.12,12.92,105.57,18.76,2152.96,1.063,2
W011,2025-09-05 12:00:00,2222.5,16.57,10.15,110.55,21.27,2171.21,1.063,2
W011,2025-09-05 16:00:00,2242.3,23.17,12.48,104.55,19.18,1973.36,1.037,2
W011,2025-09-05 20:00:00,2262.1,20.48,13.26,120.12,19.31,1862.0,1.043,2
W011,2025-09-06 00:00:00,2281.9,21.27,14.43,111.59,20.24,2152.68,1.065,2
W011,2025-09-06 04:00:00,2301.7,25.0,11.61,111.55,18.65,2188.59,1.089,2
W011,2025-09-06 08:00:00,2321.5,21.09,12.94,114.4,18.45,2318.94,1.093,2
W011,2025-09-06 12:00:00,2341.3,24.3,12.9,114.97,20.66,2359.51,1.11,2
W011,2025-09-06 16:00:00,2361.1,20.28,13.16,108.31,16.5,2526.23,1.131,0
W011,2025-09-06 20:00:00,2380.9,23.34,11.71,123.62,17.51,2511.4,1.124,0
W011,2025-09-07 00:00:00,2400.7,29.94,12.25,110.86,15.77,2514.65,1.119,0
W011,2025-09-07 04:00:00,2420.5,21.16,10.91,110.02,18.06,2531.94,1.125,0
W011,2025-09-07 08:00:00,2440.3,28.81,14.54,113.31,15.86,2490.63,1.139,0
W011,2025-09-07 12:00:00,2460.1,24.39,12.02,110.12,15.61,2599.41,1.109,0
W011,2025-09-07 16:00:00,2479.9,27.98,11.8,114.1,14.59,2571.67,1.125,0
W011,2025-09-07 20:00:00,2499.7,24.85,14.81,116.07,15.57,2510.94,1.139,0
W011,2025-09-08 00:00:00,2519.5,28.9,13.02,119.13,18.1,2704.86,1.101,0
W011,2025-09-08 04:00:00,2539.3,27.0,14.08,106.97,15.41,2502.75,1.12,0
W011,2025-09-08 08:00:00,2559.1,23.55,12.96,120.19,18.95,2506.09,1.119,0
W011,2025-09-08 12:00:00,2578.9,28.95,13.57,115.5,17.85,2580.99,1.139,0
W011,2025-09-08 16:00:00,2598.7,21.49,13.8,105.94,16.76,2524.92,1.126,0
W011,2025-09-08 20:00:00,2618.5,19.72,12.6,105.91,18.99,2580.6,1.107,0
W011,2025-09-09 00:00:00,2638.3,20.0,13.9,111.74,16.75,2583.49,1.138,0
W011,2025-09-09 04:00:00,2658.1,18.19,14.23,110.2,17.97,2589.2,1.125,0
W011,2025-09-09 08:00:00,2677.9,19.43,12.97,124.75,15.55,2746.87,1.13,0
W011,2025-09-09 12:00:00,2697.7,22.61,11.77,110.37,17.09,2502.63,1.131,0
W011,2025-09-09 16:00:00,2717.4,21.28,16.18,108.0,18.18,2621.23,1.118,0
W011,2025-09-09 20:00:00,2737.2,24.56,12.8,100.05,19.19,2500.57,1.119,0
W011,2025-09-10 00:00:00,2757.0,24.56,12.88,120.51,20.18,2545.23,1.147,0
W011,2025-09-10 04:00:00,2776.8,20.23,16.75,110.84,19.85,2681.39,1.14,0
W011,2025-09-10 08:00:00,2796.6,20.49,13.17,102.08,18.4,2639.1,1.138,0
W011,2025-09-10 12:00:00,2816.4,13.58,11.5,110.51,18.52,2635.85,1.134,0
W011,2025-09-10 16:00:00,2836.2,24.41,11.86,118.66,18.85,2645.97,1.134,0
W011,2025-09-10 20:00:00,2856.0,27.99,14.14,109.19,18.45,2681.89,1.128,0
W011,2025-09-11 00:00:00,2875.8,25.77,13.97,100.95,18.54,2579.8,1.146,0
W011,2025-09-11 04:00:00,2895.6,25.33,13.69,124.99,17.68,2674.75,1.15,0
W011,2025-09-11 08:00:00,2915.4,22.21,14.57,111.43,17.24,2502.57,1.142,0
W011,2025-09-11 12:00:00,2935.2,23.48,15.17,119.75,17.49,2516.84,1.145,0
W011,2025-09-11 16:00:00,2955.0,25.83,14.53,121.51,17.62,2583.06,1.128,0
W011,2025-09-11 20:00:00,2974.8,19.36,13.92,116.24,21.94,2647.09,1.128,3
W011,2025-09-12 00:00:00,2994.6,16.87,14.39,110.52,18.61,2809.9,1.148,3
W011,2025-09-12 04:00:00,3014.4,15.28,16.82,115.75,30.25,2752.94,1.119,3
W011,2025-09-12 08:00:00,3034.2,10.53,15.22,118.44,25.32,2859.08,1.128,3
W011,2025-09-12 12:00:00,3054.0,8.16,17.05,115.98,29.33,2740.39,1.124,3
W011,2025-09-12 16:00:00,3073.8,13.02,16.12,120.16,35.68,2721.36,1.139,3
W011,2025-09-12 20:00:00,3093.6,17.33,12.93,117.32,25.57,2816.53,1.131,3
W011,2025-09-13 00:00:00,3113.4,14.61,13.8,119.89,22.82,2649.22,1.115,3
W011,2025-09-13 04:00:00,3133.2,23.34,13.55,113.21,20.53,2809.24,1.149,3
W011,2025-09-13 08:00:00,3153.0,17.64,11.73,115.44,16.82,2664.38,1.135,0
W011,2025-09-13 12:00:00,3172.8,19.33,11.63,124.37,19.6,2804.76,1.152,0
W011,2025-09-13 16:00:00,3192.6,21.21,15.39,114.8,18.4,2647.33,1.1,0
W011,2025-09-13 20:00:00,3212.4,27.31,14.14,116.98,17.89,2668.07,1.135,0
W011,2025-09-14 00:00:00,3232.2,24.35,11.44,116.12,19.01,2637.66,1.15,0
W011,2025-09-14 04:00:00,3252.0,19.53,11.95,116.42,19.22,2488.98,1.153,0
W011,2025-09-14 08:00:00,3271.8,20.87,13.11,106.96,16.47,2746.85,1.146,0
W011,2025-09-14 12:00:00,3291.6,21.35,13.23,117.94,18.79,2655.32,1.162,0
W011,2025-09-14 16:00:00,3311.4,25.41,14.02,115.33,19.18,2692.54,1.162,0
W011,2025-09-14 20:00:00,3331.2,25.2,11.87,108.48,16.74,2754.29,1.123,0
W011,2025-09-15 00:00:00,3351.0,23.68,13.94,121.98,18.32,2547.72,1.133,0
W011,2025-09-15 04:00:00,3370.8,18.95,12.59,113.9,15.9,2803.15,1.128,0
W011,2025-09-15 08:00:00,3390.6,26.54,15.18,120.39,16.75,2703.79,1.129,0
W011,2025-09-15 12:00:00,3410.4,25.23,13.29,112.54,15.8,2452.17,1.133,0
W011,2025-09-15 16:00:00,3430.2,25.84,12.8,113.98,19.18,2839.83,1.168,0
W011,2025-09-15 20:00:00,3450.0,19.58,10.49,129.16,22.08,2696.46,1.13,0
W012,2025-02-25 00:00:00,500.0,32.89,15.07,124.01,14.53,2355.85,1.095,0
W012,2025-02-25 04:00:00,522.1,28.23,11.29,114.14,14.83,2373.76,1.071,0
W012,2025-02-25 08:00:00,544.2,30.12,11.25,115.77,14.61,2462.26,1.086,0
W012,2025-02-25 12:00:00,566.2,30.68,12.95,114.52,15.39,2353.61,1.11,0
W012,2025-02-25 16:00:00,588.3,29.23,12.93,114.38,13.45,2425.86,1.087,0
W012,2025-02-25 20:00:00,610.4,31.86,6.91,115.03,14.17,2271.45,1.084,0
W012,2025-02-26 00:00:00,632.5,28.28,10.93,106.8,15.57,2492.53,1.097,0
W012,2025-02-26 04:00:00,654.6,32.43,12.64,122.42,18.37,2327.07,1.082,0
W012,2025-02-26 08:00:00,676.6,32.35,12.06,119.65,18.4,2375.45,1.1,0
W012,2025-02-26 12:00:00,698.7,27.06,14.2,112.98,14.45,2345.65,1.084,0
W012,2025-02-26 16:00:00,720.8,27.81,10.21,106.81,13.59,2554.7,1.105,0
W012,2025-02-26 20:00:00,742.9,32.78,12.77,126.0,11.81,2271.03,1.083,0
W012,2025-02-27 00:00:00,765.0,28.59,10.55,112.32,15.39,2387.32,1.084,0
W012,2025-02-27 04:00:00,787.0,23.47,9.51,111.7,14.56,2284.91,1.088,0
W012,2025-02-27 08:00:00,809.1,26.61,10.81,108.56,13.47,2271.22,1.094,0
W012,2025-02-27 12:00:00,831.2,27.4,12.36,117.44,14.87,2319.66,1.102,0
W012,2025-02-27 16:00:00,853.3,32.07,11.21,124.62,15.83,2476.09,1.099,0
W012,2025-02-27 20:00:00,875.4,29.99,10.24,112.25,19.17,2448.94,1.105,3
W012,2025-02-28 00:00:00,897.4,20.99,10.55,116.38,17.98,2753.48,1.106,3
W012,2025-02-28 04:00:00,919.5,19.8,12.13,115.18,25.25,2452.72,1.094,3
W012,2025-02-28 08:00:00,941.6,21.74,14.04,106.95,28.6,2676.45,1.119,3
W012,2025-02-28 12:00:00,963.7,17.77,14.88,118.77,26.89,2582.31,1.119,3
W012,2025-02-28 16:00:00,985.8,12.5,14.61,113.64,26.76,2500.63,1.125,3
W012,2025-02-28 20:00:00,1007.9,22.61,12.51,104.22,21.94,2480.62,1.084,3
W012,2025-03-01 00:00:00,1029.9,22.74,14.28,118.51,18.36,2507.15,1.1,3
W012,2025-03-01 04:00:00,1052.0,21.2,11.93,114.04,19.01,2505.74,1.11,3
W012,2025-03-01 08:00:00,1074.1,23.36,12.42,118.15,11.7,2343.06,1.091,0
W012,2025-03-01 12:00:00,1096.2,27.86,10.59,114.77,15.62,2406.26,1.091,0
W012,2025-03-01 16:00:00,1118.3,25.58,10.18,117.28,17.03,2353.65,1.125,0
W012,2025-03-01 20:00:00,1140.3,26.56,14.1,111.15,12.35,2461.63,1.107,0
W012,2025-03-02 00:00:00,1162.4,27.6,10.84,114.79,15.08,2400.65,1.116,0
W012,2025-03-02 04:00:00,1184.5,28.05,12.71,113.61,15.38,2326.48,1.098,0
W012,2025-03-02 08:00:00,1206.6,17.54,10.91,114.51,17.01,2408.54,1.109,0
W012,2025-03-02 12:00:00,1228.7,20.96,11.71,104.92,13.83,2418.31,1.124,0
W012,2025-03-02 16:00:00,1250.7,28.61,11.83,114.88,14.72,2388.62,1.111,0
W012,2025-03-02 20:00:00,1272.8,23.34,12.69,112.67,17.49,2526.51,1.08,0
W012,2025-03-03 00:00:00,1294.9,25.76,10.52,104.12,14.14,2662.15,1.115,0
W012,2025-03-03 04:00:00,1317.0,33.25,13.04,110.55,15.31,2497.83,1.113,0
W012,2025-03-03 08:00:00,1339.1,25.77,9.54,134.73,15.75,2417.98,1.108,0
W012,2025-03-03 12:00:00,1361.1,26.77,11.98,122.72,15.78,2345.08,1.105,0
W012,2025-03-03 16:00:00,1383.2,26.11,13.94,122.03,16.19,2337.07,1.089,0
W012,2025-03-03 20:00:00,1405.3,27.55,12.3,112.75,15.14,2401.23,1.108,0
W012,2025-03-04 00:00:00,1427.4,20.35,10.15,111.24,18.17,2383.77,1.111,0
W012,2025-03-04 04:00:00,1449.5,28.18,13.75,122.58,15.9,2416.65,1.099,0
W012,2025-03-04 08:00:00,1471.5,26.78,11.15,118.32,16.76,2515.13,1.128,0
W012,2025-03-04 12:00:00,1493.6,33.09,11.99,121.6,15.37,2570.95,1.126,0
W012,2025-03-04 16:00:00,1515.7,30.53,11.94,110.99,13.49,2463.12,1.133,0
W012,2025-03-04 20:00:00,1537.8,26.57,12.98,120.06,15.49,2587.63,1.067,0
W012,2025-03-05 00:00:00,1559.9,23.83,10.43,110.08,16.61,2497.69,1.117,0
W012,2025-03-05 04:00:00,1581.9,29.29,10.37,107.69,16.71,2417.29,1.088,0
W012,2025-03-05 08:00:00,1604.0,30.41,13.89,124.34,16.34,2532.78,1.133,0
W012,2025-03-05 12:00:00,1626.1,25.58,13.47,116.65,17.64,2495.62,1.132,0
W012,2025-03-05 16:00:00,1648.2,28.17,9.57,123.71,14.29,2594.08,1.112,0
W012,2025-03-05 20:00:00,1670.3,31.03,13.5,117.58,16.92,2521.77,1.083,0
W012,2025-03-06 00:00:00,1692.3,27.85,10.13,116.03,13.94,2379.51,1.138,0
W012,2025-03-06 04:00:00,1714.4,30.71,11.79,116.11,15.55,2539.88,1.104,0
W012,2025-03-06 08:00:00,1736.5,30.48,11.42,112.48,16.04,2437.81,1.12,0
W012,2025-03-06 12:00:00,1758.6,25.89,12.5,122.3,14.71,2481.69,1.122,0
W012,2025-03-06 16:00:00,1780.7,26.19,12.5,118.33,17.95,2441.33,1.101,0
W012,2025-03-06 20:00:00,1802.8,26.58,10.35,118.39,13.91,2708.27,1.135,0
W012,2025-03-07 00:00:00,1824.8,27.54,13.1,105.18,20.54,2447.61,1.115,0
W012,2025-03-07 04:00:00,1846.9,21.93,12.53,108.36,16.18,2454.18,1.101,0
W012,2025-03-07 08:00:00,1869.0,25.09,12.14,107.31,14.65,2565.28,1.156,0
W012,2025-03-07 12:00:00,1891.1,28.93,10.42,112.8,16.06,2476.57,1.131,0
W012,2025-03-07 16:00:00,1913.2,25.65,13.96,113.11,19.39,2495.46,1.104,0
W012,2025-03-07 20:00:00,1935.2,31.53,9.86,110.57,15.87,2738.62,1.146,0
W012,2025-03-08 00:00:00,1957.3,29.48,12.1,129.56,17.66,2603.26,1.122,0
W012,2025-03-08 04:00:00,1979.4,24.85,12.22,113.74,18.1,2550.78,1.119,0
W012,2025-03-08 08:00:00,2001.5,29.53,8.15,118.06,18.29,2623.39,1.119,0
W012,2025-03-08 12:00:00,2023.6,25.62,14.08,123.95,16.46,2546.62,1.146,0
W012,2025-03-08 16:00:00,2045.6,18.63,11.56,123.8,18.97,2572.04,1.114,0
W012,2025-03-08 20:00:00,2067.7,22.35,11.71,124.29,15.87,2536.58,1.11,0
W012,2025-03-09 00:00:00,2089.8,27.53,11.79,114.41,13.97,2384.67,1.122,0
W012,2025-03-09 04:00:00,2111.9,21.02,15.76,102.63,15.56,2533.81,1.117,0
W012,2025-03-09 08:00:00,2134.0,21.69,11.16,109.06,16.48,2710.41,1.124,0
W012,2025-03-09 12:00:00,2156.0,28.55,13.36,121.68,11.96,2509.76,1.143,0
W012,2025-03-09 16:00:00,2178.1,23.28,15.24,123.9,16.16,2494.31,1.108,0
W012,2025-03-09 20:00:00,2200.2,23.11,10.75,117.57,14.38,2596.36,1.133,0
W012,2025-03-10 00:00:00,2222.3,20.02,14.92,118.08,18.35,2476.17,1.134,0
W012,2025-03-10 04:00:00,2244.4,28.38,12.45,127.01,17.08,2649.55,1.129,0
W012,2025-03-10 08:00:00,2266.4,26.76,10.09,117.23,15.68,2473.13,1.151,0
W012,2025-03-10 12:00:00,2288.5,24.36,11.1,112.85,14.66,2680.79,1.115,0
W012,2025-03-10 16:00:00,2310.6,26.59,14.63,112.0,17.96,2461.46,1.163,0
W012,2025-03-10 20:00:00,2332.7,24.46,13.19,109.34,17.65,2558.05,1.156,1
W012,2025-03-11 00:00:00,2354.8,17.62,14.6,111.93,25.01,2623.03,1.14,1
W012,2025-03-11 04:00:00,2376.8,12.05,11.76,112.47,25.33,2755.55,1.15,1
W012,2025-03-11 08:00:00,2398.9,3.82,17.02,116.21,36.23,2914.48,1.134,1
W012,2025-03-11 12:00:00,2421.0,2.2,19.83,97.57,37.82,2780.01,1.139,1
W012,2025-03-11 16:00:00,2443.1,2.0,17.93,102.3,32.99,2829.23,1.138,1
W012,2025-03-11 20:00:00,2465.2,14.7,15.31,102.09,29.7,2675.82,1.117,1
W012,2025-03-12 00:00:00,2487.2,15.38,11.88,109.98,24.06,2668.9,1.12,1
W012,2025-03-12 04:00:00,2509.3,26.46,14.49,104.67,25.15,2749.9,1.13,1
W012,2025-03-12 08:00:00,2531.4,23.34,9.8,110.44,20.11,2444.26,1.131,0
W012,2025-03-12 12:00:00,2553.5,25.1,11.83,112.34,17.13,2530.29,1.11,0
W012,2025-03-12 16:00:00,2575.6,25.65,14.21,120.22,15.54,2470.7,1.127,0
W012,2025-03-12 20:00:00,2597.7,29.7,13.57,119.22,18.6,2623.61,1.134,0
W012,2025-03-13 00:00:00,2619.7,26.99,11.78,106.51,18.3,2699.57,1.116,0
W012,2025-03-13 04:00:00,2641.8,27.47,15.12,114.99,15.53,2601.67,1.125,0
W012,2025-03-13 08:00:00,2663.9,23.15,13.25,105.38,14.4,2594.76,1.133,0
W012,2025-03-13 12:00:00,2686.0,26.03,15.41,115.63,18.08,2507.66,1.145,0
W012,2025-03-13 16:00:00,2708.1,23.42,12.71,114.35,18.86,2479.99,1.1,0
W012,2025-03-13 20:00:00,2730.1,24.36,13.3,115.91,19.22,2639.68,1.126,0
W012,2025-03-14 00:00:00,2752.2,18.02,12.24,121.17,16.29,2605.29,1.141,0
W012,2025-03-14 04:00:00,2774.3,21.95,13.53,124.82,16.69,2503.56,1.134,0
W012,2025-03-14 08:00:00,2796.4,18.33,13.11,117.71,20.02,2590.14,1.142,0
W012,2025-03-14 12:00:00,2818.5,22.42,12.07,105.85,16.65,2582.55,1.141,0
W012,2025-03-14 16:00:00,2840.5,23.13,12.73,113.0,16.4,2619.69,1.137,0
W012,2025-03-14 20:00:00,2862.6,24.78,13.22,112.9,17.67,2550.57,1.132,0
W012,2025-03-15 00:00:00,2884.7,28.59,12.03,113.33,17.3,2595.07,1.133,0
W012,2025-03-15 04:00:00,2906.8,23.34,10.83,121.22,19.14,2507.89,1.104,0
W012,2025-03-15 08:00:00,2928.9,19.57,13.04,130.48,18.98,2459.49,1.128,0
W012,2025-03-15 12:00:00,2950.9,22.34,13.78,107.11,17.76,2560.02,1.122,0
W012,2025-03-15 16:00:00,2973.0,23.28,14.56,120.05,19.03,2582.27,1.15,0
W012,2025-03-15 20:00:00,2995.1,23.43,13.6,111.33,17.11,2636.11,1.177,0
W012,2025-03-16 00:00:00,3017.2,23.4,12.48,110.01,17.11,2827.85,1.134,0
W012,2025-03-16 04:00:00,3039.3,25.22,12.84,116.57,19.43,2582.85,1.131,0
W012,2025-03-16 08:00:00,3061.3,27.48,14.88,119.74,19.42,2678.11,1.171,0
W012,2025-03-16 12:00:00,3083.4,22.63,14.27,106.29,16.52,2531.1,1.161,0
W012,2025-03-16 16:00:00,3105.5,14.84,12.8,97.04,16.5,2597.42,1.163,0
W012,2025-03-16 20:00:00,3127.6,23.69,12.15,121.4,18.03,2647.42,1.125,0
W012,2025-03-17 00:00:00,3149.7,19.53,12.16,115.28,18.14,2785.43,1.149,0
W012,2025-03-17 04:00:00,3171.7,14.38,13.79,106.3,16.26,2575.8,1.133,0
W012,2025-03-17 08:00:00,3193.8,18.37,13.71,106.54,18.64,2852.65,1.124,0
W012,2025-03-17 12:00:00,3215.9,21.65,9.61,113.19,19.16,2718.61,1.145,0
W012,2025-03-17 16:00:00,3238.0,25.17,17.22,125.27,17.06,2525.58,1.139,0
W012,2025-03-17 20:00:00,3260.1,19.66,14.08,107.91,17.87,2734.03,1.144,0
W012,2025-03-18 00:00:00,3282.1,19.66,15.16,103.73,17.41,2657.29,1.146,0
W012,2025-03-18 04:00:00,3304.2,23.04,14.32,114.79,17.34,2626.78,1.137,0
W012,2025-03-18 08:00:00,3326.3,24.86,12.43,120.08,18.03,2618.98,1.156,0
W012,2025-03-18 12:00:00,3348.4,20.32,14.36,116.28,16.93,2715.9,1.155,0
W012,2025-03-18 16:00:00,3370.5,25.97,14.85,117.95,15.97,2891.12,1.126,0
W012,2025-03-18 20:00:00,3392.6,25.35,14.05,107.96,17.78,2666.09,1.167,0
W012,2025-03-19 00:00:00,3414.6,20.36,13.01,100.98,21.12,2579.27,1.153,0
W012,2025-03-19 04:00:00,3436.7,22.2,13.25,119.86,21.01,2700.67,1.159,0
W012,2025-03-19 08:00:00,3458.8,23.49,14.93,112.22,19.94,2780.41,1.165,0
W012,2025-03-19 12:00:00,3480.9,20.52,13.15,116.44,15.53,2826.44,1.149,0
W012,2025-03-19 16:00:00,3503.0,23.35,12.53,107.04,16.91,2705.05,1.16,0
W012,2025-03-19 20:00:00,3525.0,22.99,13.92,112.98,18.89,2821.21,1.161,0
W012,2025-03-20 00:00:00,3547.1,24.93,13.84,105.98,16.12,2731.12,1.151,0
W012,2025-03-20 04:00:00,3569.2,23.82,15.91,119.36,20.27,2701.13,1.139,0
W012,2025-03-20 08:00:00,3591.3,22.33,12.19,124.35,19.42,2741.89,1.17,0
W012,2025-03-20 12:00:00,3613.4,16.44,14.28,107.14,17.99,2669.42,1.162,0
W012,2025-03-20 16:00:00,3635.4,23.18,15.42,111.39,19.28,2714.5,1.128,0
W012,2025-03-20 20:00:00,3657.5,19.74,13.18,121.67,18.83,2597.25,1.151,0
W012,2025-03-21 00:00:00,3679.6,28.55,13.57,113.04,18.89,2773.46,1.147,0
W012,2025-03-21 04:00:00,3701.7,24.01,12.91,119.32,18.31,2750.56,1.143,0
W012,2025-03-21 08:00:00,3723.8,20.04,14.82,114.52,18.51,2682.04,1.168,0
W012,2025-03-21 12:00:00,3745.8,20.68,13.2,119.72,20.11,2664.9,1.184,0
W012,2025-03-21 16:00:00,3767.9,23.44,11.84,117.21,17.31,2753.54,1.155,0
W012,2025-03-21 20:00:00,3790.0,22.72,12.03,120.94,15.92,2617.11,1.161,0
W013,2025-01-21 00:00:00,500.0,34.81,10.59,117.42,15.27,2289.89,1.086,0
W013,2025-01-21 04:00:00,516.8,32.54,9.16,119.05,17.58,2383.17,1.11,0
W013,2025-01-21 08:00:00,533.7,25.89,8.25,116.46,13.94,2437.79,1.086,0
W013,2025-01-21 12:00:00,550.5,30.44,11.12,115.68,14.02,2237.74,1.088,0
W013,2025-01-21 16:00:00,567.4,34.35,10.09,111.31,15.28,2256.47,1.106,0
W013,2025-01-21 20:00:00,584.2,26.75,10.57,130.23,12.94,2496.78,1.094,0
W013,2025-01-22 00:00:00,601.1,30.79,9.79,119.79,14.34,2262.82,1.114,0
W013,2025-01-22 04:00:00,617.9,28.84,8.21,113.39,16.45,2426.32,1.083,0
W013,2025-01-22 08:00:00,634.8,27.07,8.95,114.86,15.27,2433.63,1.09,0
W013,2025-01-22 12:00:00,651.6,29.46,10.58,115.92,14.76,2456.2,1.098,0
W013,2025-01-22 16:00:00,668.5,30.32,10.94,109.35,15.0,2315.34,1.099,0
W013,2025-01-22 20:00:00,685.3,29.37,13.5,107.43,9.42,2399.47,1.084,0
W013,2025-01-23 00:00:00,702.1,30.48,9.15,126.45,14.3,2313.52,1.122,0
W013,2025-01-23 04:00:00,719.0,32.52,13.08,113.97,15.08,2325.38,1.084,0
W013,2025-01-23 08:00:00,735.8,31.19,10.45,128.32,16.52,2550.44,1.061,0
W013,2025-01-23 12:00:00,752.7,33.19,8.22,107.43,12.85,2404.67,1.095,0
W013,2025-01-23 16:00:00,769.5,29.88,11.67,122.35,14.32,2496.98,1.095,0
W013,2025-01-23 20:00:00,786.4,34.57,13.11,113.18,15.94,2295.68,1.101,0
W013,2025-01-24 00:00:00,803.2,26.59,12.89,106.97,15.41,2284.0,1.08,0
W013,2025-01-24 04:00:00,820.1,29.32,13.49,101.0,19.35,2516.58,1.076,0
W013,2025-01-24 08:00:00,836.9,29.98,11.11,114.41,17.08,2435.26,1.088,0
W013,2025-01-24 12:00:00,853.8,25.77,11.02,121.86,12.65,2379.34,1.121,0
W013,2025-01-24 16:00:00,870.6,29.61,13.38,114.11,13.91,2400.78,1.087,0
W013,2025-01-24 20:00:00,887.4,34.19,11.56,118.82,19.06,2298.91,1.064,0
W013,2025-01-25 00:00:00,904.3,28.97,12.82,112.52,13.92,2427.36,1.098,0
W013,2025-01-25 04:00:00,921.1,28.47,10.1,116.95,17.48,2265.8,1.12,0
W013,2025-01-25 08:00:00,938.0,28.26,13.08,107.33,17.23,2255.16,1.085,0
W013,2025-01-25 12:00:00,954.8,28.29,11.39,115.16,19.47,2406.09,1.11,0
W013,2025-01-25 16:00:00,971.7,27.3,11.66,109.13,16.66,2635.08,1.101,0
W013,2025-01-25 20:00:00,988.5,26.7,13.51,121.14,16.79,2380.98,1.117,0
W013,2025-01-26 00:00:00,1005.4,27.86,13.17,110.08,14.94,2419.31,1.082,0
W013,2025-01-26 04:00:00,1022.2,26.39,9.88,105.73,20.38,2357.64,1.093,0
W013,2025-01-26 08:00:00,1039.1,27.74,10.21,111.99,19.3,2446.53,1.116,0
W013,2025-01-26 12:00:00,1055.9,32.22,12.12,113.67,13.42,2381.69,1.099,0
W013,2025-01-26 16:00:00,1072.8,25.08,14.12,121.61,17.77,2407.54,1.086,0
W013,2025-01-26 20:00:00,1089.6,31.48,12.3,119.64,17.11,2447.81,1.132,0
W013,2025-01-27 00:00:00,1106.4,25.53,11.34,124.85,16.15,2410.37,1.098,0
W013,2025-01-27 04:00:00,1123.3,29.54,11.46,112.95,17.19,2431.95,1.087,0
W013,2025-01-27 08:00:00,1140.1,27.6,13.89,119.59,18.73,2359.6,1.119,0
W013,2025-01-27 12:00:00,1157.0,25.55,9.95,110.18,16.24,2519.78,1.108,0
W013,2025-01-27 16:00:00,1173.8,27.04,10.25,119.23,17.73,2455.97,1.088,0
W013,2025-01-27 20:00:00,1190.7,29.93,13.64,124.2,15.21,2470.24,1.096,0
W013,2025-01-28 00:00:00,1207.5,24.73,14.17,118.39,18.33,2322.59,1.108,0
W013,2025-01-28 04:00:00,1224.4,29.02,10.55,123.93,15.56,2475.51,1.096,0
W013,2025-01-28 08:00:00,1241.2,23.92,13.17,117.27,16.43,2411.5,1.11,0
W013,2025-01-28 12:00:00,1258.1,31.3,10.77,118.36,16.36,2421.79,1.08,0
W013,2025-01-28 16:00:00,1274.9,27.46,12.81,116.94,13.41,2552.47,1.13,0
W013,2025-01-28 20:00:00,1291.7,27.17,15.27,110.02,13.71,2350.76,1.11,0
W013,2025-01-29 00:00:00,1308.6,22.16,11.33,132.61,13.29,2394.71,1.091,0
W013,2025-01-29 04:00:00,1325.4,26.65,11.28,110.98,15.72,2502.79,1.127,0
W013,2025-01-29 08:00:00,1342.3,26.65,11.81,117.78,13.78,2433.91,1.099,0
W013,2025-01-29 12:00:00,1359.1,30.36,14.43,110.34,18.3,2318.25,1.11,0
W013,2025-01-29 16:00:00,1376.0,28.28,9.57,110.03,14.33,2333.33,1.068,0
W013,2025-01-29 20:00:00,1392.8,26.88,11.67,114.43,17.38,2278.81,1.102,0
W013,2025-01-30 00:00:00,1409.7,35.18,13.13,120.35,14.17,2437.43,1.074,0
W013,2025-01-30 04:00:00,1426.5,29.26,13.9,106.3,13.91,2454.03,1.111,0
W013,2025-01-30 08:00:00,1443.4,25.87,10.58,110.17,15.91,2511.52,1.108,0
W013,2025-01-30 12:00:00,1460.2,27.07,9.16,120.2,15.91,2421.33,1.113,0
W013,2025-01-30 16:00:00,1477.0,24.97,11.18,115.65,14.78,2314.36,1.082,0
W013,2025-01-30 20:00:00,1493.9,28.84,11.75,114.6,13.91,2462.48,1.104,0
W013,2025-01-31 00:00:00,1510.7,23.2,12.49,116.78,20.15,2517.06,1.123,0
W013,2025-01-31 04:00:00,1527.6,28.31,11.45,113.07,15.37,2406.67,1.104,0
W013,2025-01-31 08:00:00,1544.4,22.88,12.94,117.6,14.65,2441.8,1.106,0
W013,2025-01-31 12:00:00,1561.3,20.58,11.45,120.24,18.55,2325.11,1.118,0
W013,2025-01-31 16:00:00,1578.1,20.59,12.0,114.42,18.35,2457.88,1.096,0
W013,2025-01-31 20:00:00,1595.0,21.45,12.85,111.2,16.26,2562.79,1.118,0
W013,2025-02-01 00:00:00,1611.8,29.76,11.07,110.74,17.33,2640.99,1.1,0
W013,2025-02-01 04:00:00,1628.7,25.12,14.58,115.3,18.84,2655.33,1.117,0
W013,2025-02-01 08:00:00,1645.5,26.38,13.71,109.57,14.33,2495.27,1.104,0
W013,2025-02-01 12:00:00,1662.3,28.16,13.07,121.21,14.84,2573.0,1.079,0
W013,2025-02-01 16:00:00,1679.2,21.64,13.55,111.98,16.27,2494.36,1.135,0
W013,2025-02-01 20:00:00,1696.0,19.23,14.47,122.84,16.09,2424.02,1.112,0
W013,2025-02-02 00:00:00,1712.9,22.85,13.12,117.85,14.2,2405.59,1.096,0
W013,2025-02-02 04:00:00,1729.7,25.64,13.91,108.56,18.56,2407.04,1.125,0
W013,2025-02-02 08:00:00,1746.6,24.15,11.94,121.85,20.22,2317.37,1.124,0
W013,2025-02-02 12:00:00,1763.4,25.53,13.59,106.37,15.05,2433.55,1.118,0
W013,2025-02-02 16:00:00,1780.3,22.8,12.12,119.98,20.69,2564.16,1.128,0
W013,2025-02-02 20:00:00,1797.1,24.45,11.26,113.04,16.9,2393.27,1.128,0
W013,2025-02-03 00:00:00,1814.0,29.56,12.78,121.5,19.18,2406.42,1.09,0
W013,2025-02-03 04:00:00,1830.8,23.5,12.74,107.82,19.56,2676.78,1.119,0
W013,2025-02-03 08:00:00,1847.7,22.05,13.33,109.09,19.06,2482.41,1.128,0
W013,2025-02-03 12:00:00,1864.5,27.71,13.41,125.71,17.32,2459.81,1.086,0
W013,2025-02-03 16:00:00,1881.3,18.15,13.58,113.9,15.53,2406.7,1.129,0
W013,2025-02-03 20:00:00,1898.2,22.05,15.05,129.11,15.38,2569.08,1.125,0
W013,2025-02-04 00:00:00,1915.0,22.04,11.13,114.26,14.95,2608.87,1.115,0
W013,2025-02-04 04:00:00,1931.9,21.64,12.47,117.8,15.7,2333.13,1.121,0
W013,2025-02-04 08:00:00,1948.7,21.35,11.41,117.81,15.94,2501.66,1.141,0
W013,2025-02-04 12:00:00,1965.6,23.94,15.63,119.44,15.32,2473.34,1.1,0
W013,2025-02-04 16:00:00,1982.4,26.91,14.59,112.85,13.65,2550.51,1.107,0
W013,2025-02-04 20:00:00,1999.3,22.87,13.07,122.39,18.33,2558.57,1.118,0
W013,2025-02-05 00:00:00,2016.1,21.04,13.12,119.31,15.93,2488.8,1.137,0
W013,2025-02-05 04:00:00,2033.0,23.82,12.19,114.47,18.2,2550.02,1.124,0
W013,2025-02-05 08:00:00,2049.8,29.55,11.99,109.3,18.84,2546.26,1.112,0
W013,2025-02-05 12:00:00,2066.6,23.92,10.69,116.39,14.37,2588.71,1.113,0
W013,2025-02-05 16:00:00,2083.5,20.82,14.25,128.54,17.79,2503.5,1.107,0
W013,2025-02-05 20:00:00,2100.3,25.79,13.56,115.04,18.61,2667.29,1.103,0
W013,2025-02-06 00:00:00,2117.2,25.88,9.75,110.12,18.3,2528.68,1.098,0
W013,2025-02-06 04:00:00,2134.0,28.15,11.79,120.11,17.92,2459.76,1.136,0
W013,2025-02-06 08:00:00,2150.9,25.96,12.86,112.19,15.02,2498.91,1.116,0
W013,2025-02-06 12:00:00,2167.7,27.55,10.13,123.82,19.75,2480.76,1.144,0
W013,2025-02-06 16:00:00,2184.6,21.98,14.29,110.08,18.86,2410.94,1.14,0
W013,2025-02-06 20:00:00,2201.4,28.87,10.4,125.54,18.83,2362.34,1.117,0
W013,2025-02-07 00:00:00,2218.3,28.11,13.68,115.67,18.67,2465.35,1.125,0
W013,2025-02-07 04:00:00,2235.1,22.46,12.8,121.01,18.41,2565.92,1.14,0
W013,2025-02-07 08:00:00,2251.9,25.84,15.82,122.0,20.02,2657.8,1.129,3
W013,2025-02-07 12:00:00,2268.8,20.54,15.51,116.75,23.77,2575.95,1.119,3
W013,2025-02-07 16:00:00,2285.6,18.58,16.7,108.69,27.07,2608.09,1.117,3
W013,2025-02-07 20:00:00,2302.5,13.12,16.16,112.2,29.02,2863.85,1.127,3
W013,2025-02-08 00:00:00,2319.3,9.18,15.71,114.98,29.14,2615.19,1.126,3
W013,2025-02-08 04:00:00,2336.2,7.68,18.59,117.49,32.66,2776.19,1.128,3
W013,2025-02-08 08:00:00,2353.0,6.87,17.18,113.0,31.55,2815.86,1.107,3
W013,2025-02-08 12:00:00,2369.9,16.84,15.33,125.71,23.51,2763.49,1.128,3
W013,2025-02-08 16:00:00,2386.7,13.16,14.74,119.67,24.79,2617.8,1.136,3
W013,2025-02-08 20:00:00,2403.6,17.66,13.92,120.64,22.5,2506.24,1.122,3
W013,2025-02-09 00:00:00,2420.4,19.62,13.17,107.47,19.71,2612.78,1.113,3
W013,2025-02-09 04:00:00,2437.2,19.22,13.21,125.35,18.31,2425.76,1.134,0
W013,2025-02-09 08:00:00,2454.1,26.44,11.32,108.73,18.47,2562.11,1.147,0
W013,2025-02-09 12:00:00,2470.9,21.96,14.64,124.17,16.44,2639.09,1.123,0
W013,2025-02-09 16:00:00,2487.8,15.85,14.11,118.6,15.21,2532.8,1.12,0
W013,2025-02-09 20:00:00,2504.6,24.93,11.08,115.64,13.79,2609.67,1.132,0
W013,2025-02-10 00:00:00,2521.5,20.97,15.54,99.26,17.97,2685.15,1.132,0
W013,2025-02-10 04:00:00,2538.3,26.6,12.72,114.0,20.22,2659.73,1.167,0
W013,2025-02-10 08:00:00,2555.2,22.81,13.7,112.23,17.63,2678.09,1.131,0
W013,2025-02-10 12:00:00,2572.0,20.08,12.84,114.46,16.66,2541.71,1.116,0
W013,2025-02-10 16:00:00,2588.9,21.23,15.15,115.29,22.43,2516.03,1.139,0
W013,2025-02-10 20:00:00,2605.7,23.17,14.38,111.36,17.34,2623.28,1.125,0
W013,2025-02-11 00:00:00,2622.6,17.18,15.37,120.33,17.25,2608.13,1.148,0
W013,2025-02-11 04:00:00,2639.4,26.53,13.56,111.49,20.64,2598.86,1.131,0
W013,2025-02-11 08:00:00,2656.2,22.37,15.13,114.77,20.33,2471.79,1.127,2
W013,2025-02-11 12:00:00,2673.1,18.11,15.0,110.94,19.76,2289.99,1.109,2
W013,2025-02-11 16:00:00,2689.9,20.7,12.38,114.34,19.89,2386.91,1.098,2
W013,2025-02-11 20:00:00,2706.8,23.22,15.14,114.82,17.57,2193.31,1.048,2
W013,2025-02-12 00:00:00,2723.6,17.81,15.5,119.75,20.64,2078.22,1.07,2
W013,2025-02-12 04:00:00,2740.5,24.12,15.63,114.1,18.2,2275.38,1.048,2
W013,2025-02-12 08:00:00,2757.3,19.09,11.06,113.06,18.19,1948.74,1.041,2
W013,2025-02-12 12:00:00,2774.2,19.16,13.26,131.27,22.9,2184.35,1.067,2
W013,2025-02-12 16:00:00,2791.0,19.18,15.18,100.71,19.37,2028.66,1.041,2
W013,2025-02-12 20:00:00,2807.9,16.92,11.68,122.17,20.13,2067.37,1.088,2
W013,2025-02-13 00:00:00,2824.7,17.1,13.49,117.36,18.07,2370.6,1.105,2
W013,2025-02-13 04:00:00,2841.5,20.46,12.32,115.02,18.68,2470.8,1.108,2
W013,2025-02-13 08:00:00,2858.4,18.0,13.15,116.96,18.89,2502.81,1.115,2
W013,2025-02-13 12:00:00,2875.2,20.88,12.75,121.46,16.29,2624.46,1.119,0
W013,2025-02-13 16:00:00,2892.1,24.79,12.6,110.05,18.39,2396.66,1.118,0
W013,2025-02-13 20:00:00,2908.9,23.58,14.92,117.71,18.25,2836.92,1.146,0
W013,2025-02-14 00:00:00,2925.8,19.37,14.94,111.15,16.73,2497.55,1.132,0
W013,2025-02-14 04:00:00,2942.6,18.81,14.24,114.25,15.55,2616.39,1.154,0
W013,2025-02-14 08:00:00,2959.5,27.37,10.72,110.33,15.68,2657.36,1.118,0
W013,2025-02-14 12:00:00,2976.3,25.68,15.21,119.91,16.71,2568.51,1.133,0
W013,2025-02-14 16:00:00,2993.2,25.82,10.85,117.32,16.32,2591.5,1.151,0
W013,2025-02-14 20:00:00,3010.0,17.95,12.98,114.23,17.93,2621.81,1.149,0
W014,2025-02-23 00:00:00,500.0,32.54,11.7,107.53,13.8,2416.75,1.093,0
W014,2025-02-23 04:00:00,521.1,31.51,10.21,123.54,14.8,2144.25,1.092,0
W014,2025-02-23 08:00:00,542.1,31.81,11.45,112.44,11.48,2301.14,1.083,0
W014,2025-02-23 12:00:00,563.2,28.02,11.92,113.0,17.49,2341.65,1.11,0
W014,2025-02-23 16:00:00,584.3,30.64,11.4,110.9,12.57,2357.67,1.117,0
W014,2025-02-23 20:00:00,605.4,28.62,10.07,113.97,18.18,2437.41,1.11,0
W014,2025-02-24 00:00:00,626.4,24.06,9.76,110.26,17.04,2428.3,1.108,0
W014,2025-02-24 04:00:00,647.5,24.37,12.67,118.96,13.34,2353.5,1.08,0
W014,2025-02-24 08:00:00,668.6,29.71,11.67,123.43,13.31,2331.32,1.077,0
W014,2025-02-24 12:00:00,689.7,32.3,8.64,116.06,12.79,2379.99,1.111,0
W014,2025-02-24 16:00:00,710.7,28.47,11.33,109.64,14.8,2237.97,1.105,0
W014,2025-02-24 20:00:00,731.8,28.75,10.69,115.42,11.46,2318.2,1.097,0
W014,2025-02-25 00:00:00,752.9,29.52,14.27,122.55,15.25,2290.79,1.088,0
W014,2025-02-25 04:00:00,774.0,31.97,11.11,122.66,15.12,2395.56,1.12,0
W014,2025-02-25 08:00:00,795.0,26.71,13.6,119.62,20.82,2324.32,1.12,0
W014,2025-02-25 12:00:00,816.1,30.4,10.72,116.83,15.23,2319.67,1.094,0
W014,2025-02-25 16:00:00,837.2,30.92,10.36,118.24,14.47,2433.34,1.102,0
W014,2025-02-25 20:00:00,858.3,31.35,8.98,121.58,13.44,2377.68,1.087,0
W014,2025-02-26 00:00:00,879.3,30.21,10.83,118.91,15.08,2361.47,1.071,0
W014,2025-02-26 04:00:00,900.4,32.65,11.78,120.55,14.67,2431.17,1.088,0
W014,2025-02-26 08:00:00,921.5,25.27,11.37,120.53,15.51,2396.49,1.102,0
W014,2025-02-26 12:00:00,942.6,27.58,13.32,110.51,16.18,2446.36,1.074,0
W014,2025-02-26 16:00:00,963.6,28.3,13.81,112.9,14.05,2448.03,1.102,0
W014,2025-02-26 20:00:00,984.7,32.07,12.46,109.34,14.22,2485.7,1.105,0
W014,2025-02-27 00:00:00,1005.8,27.33,12.06,117.65,16.67,2275.14,1.118,0
W014,2025-02-27 04:00:00,1026.8,31.35,14.52,124.56,18.56,2387.17,1.105,0
W014,2025-02-27 08:00:00,1047.9,31.0,9.1,113.69,12.93,2440.5,1.12,0
W014,2025-02-27 12:00:00,1069.0,27.56,10.95,116.7,16.74,2461.05,1.083,0
W014,2025-02-27 16:00:00,1090.1,28.23,12.08,120.69,15.86,2597.59,1.103,0
W014,2025-02-27 20:00:00,1111.1,26.07,10.3,111.92,14.56,2408.18,1.128,0
W014,2025-02-28 00:00:00,1132.2,23.12,9.72,113.59,13.55,2336.17,1.108,0
W014,2025-02-28 04:00:00,1153.3,27.34,12.46,118.55,18.42,2460.97,1.121,0
W014,2025-02-28 08:00:00,1174.4,27.82,12.39,117.27,16.51,2447.69,1.131,0
W014,2025-02-28 12:00:00,1195.4,29.59,11.13,129.06,15.32,2431.03,1.091,0
W014,2025-02-28 16:00:00,1216.5,29.65,14.34,106.05,15.5,2534.31,1.088,0
W014,2025-02-28 20:00:00,1237.6,29.22,9.85,117.45,16.14,2734.72,1.116,0
W014,2025-03-01 00:00:00,1258.7,20.98,11.69,119.95,15.26,2397.36,1.099,0
W014,2025-03-01 04:00:00,1279.7,29.14,9.92,111.63,17.86,2396.94,1.097,0
W014,2025-03-01 08:00:00,1300.8,23.37,12.77,117.55,17.75,2432.92,1.111,0
W014,2025-03-01 12:00:00,1321.9,28.42,9.66,129.12,17.76,2452.52,1.103,0
W014,2025-03-01 16:00:00,1343.0,31.47,11.94,120.48,14.96,2368.93,1.104,0
W014,2025-03-01 20:00:00,1364.0,27.53,12.44,123.8,18.0,2568.66,1.096,0
W014,2025-03-02 00:00:00,1385.1,26.62,13.25,122.29,17.34,2401.72,1.092,0
W014,2025-03-02 04:00:00,1406.2,28.2,10.46,117.76,18.25,2471.7,1.089,0
W014,2025-03-02 08:00:00,1427.2,25.97,13.1,117.84,17.0,2616.2,1.114,0
W014,2025-03-02 12:00:00,1448.3,28.45,13.09,107.96,15.2,2392.85,1.119,0
W014,2025-03-02 16:00:00,1469.4,24.74,12.65,113.7,15.36,2543.7,1.089,0
W014,2025-03-02 20:00:00,1490.5,26.03,16.19,126.1,12.73,2418.27,1.111,0
W014,2025-03-03 00:00:00,1511.5,23.27,14.83,115.18,15.67,2500.57,1.116,0
W014,2025-03-03 04:00:00,1532.6,24.94,13.77,115.97,18.36,2416.78,1.084,0
W014,2025-03-03 08:00:00,1553.7,31.81,12.91,122.01,18.21,2472.64,1.106,0
W014,2025-03-03 12:00:00,1574.8,27.22,12.63,116.66,12.71,2462.56,1.133,0
W014,2025-03-03 16:00:00,1595.8,27.5,15.14,109.23,16.63,2386.86,1.099,0
W014,2025-03-03 20:00:00,1616.9,24.96,15.11,113.49,14.74,2477.62,1.109,0
W014,2025-03-04 00:00:00,1638.0,29.93,8.74,109.27,17.52,2436.2,1.101,0
W014,2025-03-04 04:00:00,1659.1,25.1,12.89,119.08,17.72,2377.85,1.095,0
W014,2025-03-04 08:00:00,1680.1,30.91,12.11,111.36,15.72,2373.72,1.106,0
W014,2025-03-04 12:00:00,1701.2,27.98,12.33,114.48,15.66,2553.13,1.113,0
W014,2025-03-04 16:00:00,1722.3,26.16,10.66,104.39,17.17,2621.17,1.102,0
W014,2025-03-04 20:00:00,1743.4,23.69,10.87,116.74,15.09,2444.73,1.114,0
W014,2025-03-05 00:00:00,1764.4,23.82,13.39,112.02,19.52,2359.17,1.129,1
W014,2025-03-05 04:00:00,1785.5,23.46,14.8,111.95,22.16,2431.37,1.131,1
W014,2025-03-05 08:00:00,1806.6,17.06,17.07,108.26,25.07,2695.01,1.101,1
W014,2025-03-05 12:00:00,1827.7,5.63,17.03,103.78,33.38,2514.04,1.101,1
W014,2025-03-05 16:00:00,1848.7,2.0,17.18,104.91,36.98,2914.85,1.129,1
W014,2025-03-05 20:00:00,1869.8,5.74,19.36,110.45,33.37,2690.5,1.103,1
W014,2025-03-06 00:00:00,1890.9,9.69,18.05,105.72,28.4,2585.36,1.109,1
W014,2025-03-06 04:00:00,1911.9,17.42,13.66,113.08,26.55,2642.15,1.115,1
W014,2025-03-06 08:00:00,1933.0,22.13,14.12,110.48,23.28,2582.4,1.11,1
W014,2025-03-06 12:00:00,1954.1,32.87,11.61,112.18,16.2,2397.09,1.106,0
W014,2025-03-06 16:00:00,1975.2,27.57,12.48,126.51,16.48,2554.74,1.106,0
W014,2025-03-06 20:00:00,1996.2,24.67,12.73,102.38,15.52,2576.82,1.129,0
W014,2025-03-07 00:00:00,2017.3,21.25,12.06,100.78,16.99,2635.33,1.14,0
W014,2025-03-07 04:00:00,2038.4,28.8,13.39,121.95,16.66,2477.25,1.138,0
W014,2025-03-07 08:00:00,2059.5,25.87,9.91,122.3,16.6,2466.5,1.136,0
W014,2025-03-07 12:00:00,2080.5,27.53,11.16,114.06,15.36,2449.48,1.077,0
W014,2025-03-07 16:00:00,2101.6,21.96,12.34,98.0,14.53,2585.81,1.101,0
W014,2025-03-07 20:00:00,2122.7,24.53,10.12,117.46,16.41,2450.9,1.083,0
W014,2025-03-08 00:00:00,2143.8,22.32,13.6,124.3,16.61,2526.81,1.113,0
W014,2025-03-08 04:00:00,2164.8,27.89,12.24,120.36,17.93,2461.42,1.095,2
W014,2025-03-08 08:00:00,2185.9,28.8,14.8,128.65,15.95,2394.28,1.087,2
W014,2025-03-08 12:00:00,2207.0,23.75,13.04,112.52,18.14,2446.85,1.081,2
W014,2025-03-08 16:00:00,2228.1,14.66,11.8,108.43,17.58,2198.87,1.078,2
W014,2025-03-08 20:00:00,2249.1,17.82,11.77,110.81,22.52,2119.2,1.061,2
W014,2025-03-09 00:00:00,2270.2,16.9,10.04,122.38,23.45,1841.63,1.079,2
W014,2025-03-09 04:00:00,2291.3,20.04,12.85,107.09,16.59,1837.23,1.067,2
W014,2025-03-09 08:00:00,2312.3,21.02,13.29,121.8,19.06,2296.35,1.054,2
W014,2025-03-09 12:00:00,2333.4,21.16,11.25,120.01,20.55,2231.83,1.064,2
W014,2025-03-09 16:00:00,2354.5,27.15,11.28,112.58,16.0,2414.93,1.091,2
W014,2025-03-09 20:00:00,2375.6,26.31,11.76,118.23,15.81,2583.9,1.107,2
W014,2025-03-10 00:00:00,2396.6,25.27,10.82,114.9,14.93,2559.68,1.114,0
W014,2025-03-10 04:00:00,2417.7,24.53,13.3,106.77,16.92,2602.7,1.134,0
W014,2025-03-10 08:00:00,2438.8,30.76,11.48,114.98,20.15,2444.67,1.094,0
W014,2025-03-10 12:00:00,2459.9,26.61,14.16,102.34,16.42,2478.97,1.134,0
W014,2025-03-10 16:00:00,2480.9,24.9,14.56,106.93,17.69,2628.85,1.13,0
W014,2025-03-10 20:00:00,2502.0,18.98,13.22,110.62,13.86,2608.45,1.142,0
W014,2025-03-11 00:00:00,2523.1,23.15,13.85,120.06,16.97,2631.21,1.145,0
W014,2025-03-11 04:00:00,2544.2,26.58,9.17,99.88,18.92,2517.9,1.123,0
W014,2025-03-11 08:00:00,2565.2,30.67,11.5,114.17,17.02,2563.01,1.151,0
W014,2025-03-11 12:00:00,2586.3,23.88,13.68,115.42,18.74,2461.02,1.098,0
W014,2025-03-11 16:00:00,2607.4,25.09,11.33,123.79,16.85,2606.59,1.128,0
W014,2025-03-11 20:00:00,2628.5,23.05,12.69,121.09,16.44,2554.68,1.145,0
W014,2025-03-12 00:00:00,2649.5,19.95,14.38,110.16,18.7,2617.89,1.102,0
W014,2025-03-12 04:00:00,2670.6,25.04,14.57,113.18,16.62,2524.7,1.151,0
W014,2025-03-12 08:00:00,2691.7,23.61,15.29,121.93,19.4,2603.3,1.127,0
W014,2025-03-12 12:00:00,2712.8,26.44,14.93,125.64,13.66,2841.83,1.138,0
W014,2025-03-12 16:00:00,2733.8,24.84,12.06,109.21,15.41,2754.05,1.124,0
W014,2025-03-12 20:00:00,2754.9,22.22,12.95,108.88,17.64,2610.95,1.154,0
W014,2025-03-13 00:00:00,2776.0,19.32,12.52,118.3,18.08,2611.1,1.121,0
W014,2025-03-13 04:00:00,2797.0,24.84,15.52,122.93,17.65,2375.21,1.139,0
W014,2025-03-13 08:00:00,2818.1,22.8,11.87,110.07,16.21,2634.7,1.124,0
W014,2025-03-13 12:00:00,2839.2,23.0,16.96,113.88,15.91,2481.51,1.142,0
W014,2025-03-13 16:00:00,2860.3,28.51,12.05,102.07,21.07,2841.09,1.149,0
W014,2025-03-13 20:00:00,2881.3,23.79,13.5,119.09,19.14,2642.42,1.123,0
W014,2025-03-14 00:00:00,2902.4,23.33,13.25,110.19,18.5,2575.51,1.139,0
W014,2025-03-14 04:00:00,2923.5,23.87,14.3,112.23,18.81,2683.07,1.153,0
W014,2025-03-14 08:00:00,2944.6,23.41,14.31,112.47,22.64,2618.13,1.156,0
W014,2025-03-14 12:00:00,2965.6,21.04,13.96,117.02,18.95,2549.9,1.145,0
W014,2025-03-14 16:00:00,2986.7,21.05,14.63,109.73,18.55,2625.99,1.168,0
W014,2025-03-14 20:00:00,3007.8,25.85,15.46,110.37,17.31,2630.49,1.157,0
W014,2025-03-15 00:00:00,3028.9,23.63,12.28,110.76,20.15,2669.93,1.141,0
W014,2025-03-15 04:00:00,3049.9,22.41,14.74,108.67,18.09,2645.54,1.122,0
W014,2025-03-15 08:00:00,3071.0,21.88,16.83,109.99,18.23,2450.87,1.139,0
W014,2025-03-15 12:00:00,3092.1,19.28,12.87,117.56,15.97,2661.82,1.13,0
W014,2025-03-15 16:00:00,3113.2,18.49,14.87,109.23,17.24,2591.08,1.146,0
W014,2025-03-15 20:00:00,3134.2,22.6,13.15,110.75,17.52,2671.21,1.144,0
W014,2025-03-16 00:00:00,3155.3,25.87,14.54,121.64,20.44,2663.92,1.156,0
W014,2025-03-16 04:00:00,3176.4,23.51,15.39,104.47,17.43,2686.31,1.152,0
W014,2025-03-16 08:00:00,3197.4,22.45,10.91,113.93,19.47,2623.31,1.145,0
W014,2025-03-16 12:00:00,3218.5,28.25,13.12,114.06,18.35,2675.42,1.146,0
W014,2025-03-16 16:00:00,3239.6,23.68,11.61,114.27,15.79,2661.39,1.154,0
W014,2025-03-16 20:00:00,3260.7,22.08,11.98,112.41,21.24,2789.15,1.137,0
W014,2025-03-17 00:00:00,3281.7,20.86,13.24,122.44,14.85,2611.03,1.152,0
W014,2025-03-17 04:00:00,3302.8,23.39,12.76,113.49,18.6,2626.37,1.13,0
W014,2025-03-17 08:00:00,3323.9,21.94,13.68,102.25,18.71,2753.3,1.141,0
W014,2025-03-17 12:00:00,3345.0,21.48,12.29,114.09,17.0,2798.23,1.149,0
W014,2025-03-17 16:00:00,3366.0,16.06,14.26,125.31,18.92,2777.37,1.157,0
W014,2025-03-17 20:00:00,3387.1,25.47,14.81,120.72,18.57,2518.23,1.131,0
W014,2025-03-18 00:00:00,3408.2,19.29,9.61,112.39,20.55,2545.63,1.159,0
W014,2025-03-18 04:00:00,3429.3,24.09,13.74,122.1,17.93,2814.16,1.146,0
W014,2025-03-18 08:00:00,3450.3,23.53,13.19,109.46,15.58,2731.31,1.169,0
W014,2025-03-18 12:00:00,3471.4,23.23,14.17,105.67,18.69,2494.69,1.131,0
W014,2025-03-18 16:00:00,3492.5,26.5,13.42,115.64,19.0,2756.0,1.146,0
W014,2025-03-18 20:00:00,3513.6,23.38,13.3,105.81,17.36,2723.67,1.144,0
W014,2025-03-19 00:00:00,3534.6,21.37,14.57,115.97,18.63,2542.58,1.157,0
W014,2025-03-19 04:00:00,3555.7,19.17,13.36,108.62,19.68,2855.79,1.149,0
W014,2025-03-19 08:00:00,3576.8,22.03,14.95,118.43,17.87,2726.58,1.182,0
W014,2025-03-19 12:00:00,3597.9,20.48,12.52,119.77,21.8,2711.71,1.126,0
W014,2025-03-19 16:00:00,3618.9,23.67,12.61,117.86,15.55,2565.26,1.148,0
W014,2025-03-19 20:00:00,3640.0,27.46,11.34,113.08,15.37,2726.49,1.156,0
W015,2025-10-12 00:00:00,500.0,25.73,15.03,118.84,16.12,2458.04,1.098,0
W015,2025-10-12 04:00:00,518.7,29.88,11.49,120.13,17.5,2221.09,1.062,0
W015,2025-10-12 08:00:00,537.3,34.05,9.8,105.05,11.85,2521.27,1.104,0
W015,2025-10-12 12:00:00,556.0,27.61,9.87,115.33,16.55,2334.7,1.079,0
W015,2025-10-12 16:00:00,574.6,33.41,10.96,113.85,16.07,2170.94,1.099,0
W015,2025-10-12 20:00:00,593.3,31.23,8.93,103.35,13.98,2381.73,1.096,0
W015,2025-10-13 00:00:00,611.9,35.11,11.28,106.61,14.55,2250.44,1.09,0
W015,2025-10-13 04:00:00,630.6,34.23,11.69,110.68,16.07,2299.37,1.051,0
W015,2025-10-13 08:00:00,649.3,26.3,11.69,119.63,18.09,2402.12,1.113,0
W015,2025-10-13 12:00:00,667.9,31.89,12.41,121.61,15.88,2470.21,1.083,0
W015,2025-10-13 16:00:00,686.6,22.72,11.98,117.25,13.42,2261.9,1.096,0
W015,2025-10-13 20:00:00,705.2,32.15,11.78,108.88,13.57,2437.83,1.095,0
W015,2025-10-14 00:00:00,723.9,33.18,10.52,119.44,14.93,2314.58,1.108,0
W015,2025-10-14 04:00:00,742.6,27.02,11.11,116.06,14.78,2470.85,1.103,0
W015,2025-10-14 08:00:00,761.2,31.36,11.1,126.14,17.64,2466.48,1.107,0
W015,2025-10-14 12:00:00,779.9,28.19,10.93,118.81,16.89,2466.07,1.104,0
W015,2025-10-14 16:00:00,798.5,36.0,10.8,121.08,16.6,2427.8,1.103,0
W015,2025-10-14 20:00:00,817.2,31.38,9.94,117.41,16.35,2418.86,1.069,0
W015,2025-10-15 00:00:00,835.8,22.74,10.57,114.33,14.62,2450.07,1.115,0
W015,2025-10-15 04:00:00,854.5,31.5,12.31,121.5,14.99,2380.35,1.08,0
W015,2025-10-15 08:00:00,873.2,31.12,14.75,112.91,12.09,2310.06,1.088,0
W015,2025-10-15 12:00:00,891.8,23.52,10.25,116.23,17.19,2212.3,1.09,0
W015,2025-10-15 16:00:00,910.5,27.61,10.2,116.42,15.79,2359.78,1.085,0
W015,2025-10-15 20:00:00,929.1,28.32,10.65,104.6,16.04,2290.69,1.074,0
W015,2025-10-16 00:00:00,947.8,27.89,11.56,109.8,16.41,2442.41,1.103,0
W015,2025-10-16 04:00:00,966.4,28.11,9.39,122.76,17.0,2320.74,1.099,0
W015,2025-10-16 08:00:00,985.1,28.03,11.74,125.76,12.5,2275.5,1.065,0
W015,2025-10-16 12:00:00,1003.8,27.74,12.62,117.17,15.48,2447.0,1.096,0
W015,2025-10-16 16:00:00,1022.4,29.72,13.46,109.41,15.48,2401.16,1.122,0
W015,2025-10-16 20:00:00,1041.1,25.06,13.45,106.2,18.24,2491.19,1.098,0
W015,2025-10-17 00:00:00,1059.7,30.25,11.05,109.46,19.07,2367.86,1.111,0
W015,2025-10-17 04:00:00,1078.4,30.83,13.01,118.6,17.22,2513.79,1.106,0
W015,2025-10-17 08:00:00,1097.0,27.38,9.75,116.91,17.85,2321.61,1.099,0
W015,2025-10-17 12:00:00,1115.7,28.78,14.07,108.05,17.43,2390.53,1.092,0
W015,2025-10-17 16:00:00,1134.4,24.75,10.82,117.99,15.59,2489.06,1.086,0
W015,2025-10-17 20:00:00,1153.0,29.59,12.45,105.95,18.71,2457.42,1.115,0
W015,2025-10-18 00:00:00,1171.7,30.97,13.25,114.24,17.31,2265.98,1.109,0
W015,2025-10-18 04:00:00,1190.3,32.7,10.76,120.49,19.19,2492.97,1.119,0
W015,2025-10-18 08:00:00,1209.0,22.79,10.4,123.58,17.73,2477.63,1.1,0
W015,2025-10-18 12:00:00,1227.7,27.72,14.41,114.39,17.64,2426.3,1.084,2
W015,2025-10-18 16:00:00,1246.3,24.55,14.09,118.42,15.49,2278.57,1.071,2
W015,2025-10-18 20:00:00,1265.0,28.71,11.42,113.57,18.71,2068.95,1.073,2
W015,2025-10-19 00:00:00,1283.6,24.49,11.37,111.7,16.51,2138.93,1.043,2
W015,2025-10-19 04:00:00,1302.3,24.01,10.97,112.08,18.74,1961.54,1.061,2
W015,2025-10-19 08:00:00,1320.9,22.36,13.37,110.43,17.42,1776.38,1.024,2
W015,2025-10-19 12:00:00,1339.6,21.8,11.92,119.18,20.12,1999.56,1.013,2
W015,2025-10-19 16:00:00,1358.3,22.87,10.3,117.49,22.08,1822.48,1.042,2
W015,2025-10-19 20:00:00,1376.9,26.67,10.46,117.62,17.74,2003.63,1.038,2
W015,2025-10-20 00:00:00,1395.6,23.85,13.53,114.53,16.7,2132.03,1.028,2
W015,2025-10-20 04:00:00,1414.2,23.06,13.67,114.13,16.33,2252.08,1.087,2
W015,2025-10-20 08:00:00,1432.9,30.3,11.12,112.43,16.31,2419.73,1.091,2
W015,2025-10-20 12:00:00,1451.5,33.37,11.56,125.58,14.77,2265.28,1.097,2
W015,2025-10-20 16:00:00,1470.2,30.92,11.08,111.3,17.85,2525.18,1.098,0
W015,2025-10-20 20:00:00,1488.9,24.95,13.04,105.21,17.94,2526.04,1.076,0
W015,2025-10-21 00:00:00,1507.5,27.55,8.83,107.77,15.09,2351.73,1.143,0
W015,2025-10-21 04:00:00,1526.2,30.09,13.85,114.16,16.05,2610.14,1.117,0
W015,2025-10-21 08:00:00,1544.8,29.34,10.43,109.51,16.47,2503.5,1.096,0
W015,2025-10-21 12:00:00,1563.5,28.58,9.97,115.08,13.41,2591.5,1.107,0
W015,2025-10-21 16:00:00,1582.1,25.42,10.08,107.55,16.79,2564.38,1.125,0
W015,2025-10-21 20:00:00,1600.8,31.69,14.42,120.75,15.09,2491.34,1.078,0
W015,2025-10-22 00:00:00,1619.5,29.41,12.02,124.57,14.66,2524.54,1.097,0
W015,2025-10-22 04:00:00,1638.1,27.17,9.35,123.14,17.89,2437.65,1.117,0
W015,2025-10-22 08:00:00,1656.8,25.12,11.68,115.74,16.2,2570.48,1.11,0
W015,2025-10-22 12:00:00,1675.4,32.17,12.48,115.68,17.95,2559.63,1.115,0
W015,2025-10-22 16:00:00,1694.1,26.52,12.87,110.33,15.11,2549.28,1.137,0
W015,2025-10-22 20:00:00,1712.8,20.11,10.45,106.33,18.4,2565.68,1.1,0
W015,2025-10-23 00:00:00,1731.4,31.62,12.02,123.61,18.46,2404.23,1.108,0
W015,2025-10-23 04:00:00,1750.1,22.38,10.58,113.48,14.84,2476.76,1.144,0
W015,2025-10-23 08:00:00,1768.7,27.09,11.76,111.17,16.28,2680.96,1.099,0
W015,2025-10-23 12:00:00,1787.4,24.99,13.3,122.29,16.4,2409.97,1.12,0
W015,2025-10-23 16:00:00,1806.0,28.94,12.19,109.96,17.2,2352.54,1.113,0
W015,2025-10-23 20:00:00,1824.7,28.53,13.91,114.14,19.99,2672.61,1.126,0
W015,2025-10-24 00:00:00,1843.4,20.6,9.78,123.3,17.44,2649.97,1.097,0
W015,2025-10-24 04:00:00,1862.0,20.98,14.9,110.62,20.34,2531.69,1.118,3
W015,2025-10-24 08:00:00,1880.7,19.3,17.27,117.33,24.15,2701.68,1.106,3
W015,2025-10-24 12:00:00,1899.3,11.25,15.14,124.16,21.27,2622.77,1.135,3
W015,2025-10-24 16:00:00,1918.0,14.93,15.22,123.65,26.59,2523.81,1.11,3
W015,2025-10-24 20:00:00,1936.6,10.38,14.9,102.95,30.26,2683.89,1.116,3
W015,2025-10-25 00:00:00,1955.3,12.41,13.28,113.19,30.97,2631.38,1.097,3
W015,2025-10-25 04:00:00,1974.0,12.16,12.86,115.24,26.73,2677.62,1.133,3
W015,2025-10-25 08:00:00,1992.6,18.54,14.81,105.64,26.65,2551.96,1.149,3
W015,2025-10-25 12:00:00,2011.3,20.87,13.39,122.1,17.49,2544.74,1.146,3
W015,2025-10-25 16:00:00,2029.9,22.49,13.07,109.14,16.39,2553.34,1.128,0
W015,2025-10-25 20:00:00,2048.6,27.19,14.45,107.84,17.04,2448.81,1.115,0
W015,2025-10-26 00:00:00,2067.2,22.74,13.35,121.32,18.99,2427.93,1.119,0
W015,2025-10-26 04:00:00,2085.9,21.6,10.85,111.03,17.62,2576.15,1.132,0
W015,2025-10-26 08:00:00,2104.6,26.78,11.33,122.1,18.45,2494.36,1.116,0
W015,2025-10-26 12:00:00,2123.2,23.03,10.66,119.0,18.48,2450.21,1.104,0
W015,2025-10-26 16:00:00,2141.9,22.19,12.77,106.71,19.03,2631.72,1.129,0
W015,2025-10-26 20:00:00,2160.5,27.43,12.69,117.79,14.66,2662.8,1.116,0
W015,2025-10-27 00:00:00,2179.2,24.61,16.33,113.68,18.33,2586.02,1.104,0
W015,2025-10-27 04:00:00,2197.9,22.0,15.65,118.47,16.97,2493.56,1.129,0
W015,2025-10-27 08:00:00,2216.5,26.25,12.94,121.41,15.44,2453.75,1.14,0
W015,2025-10-27 12:00:00,2235.2,31.34,13.86,122.79,16.87,2569.82,1.128,0
W015,2025-10-27 16:00:00,2253.8,24.83,14.72,121.7,16.28,2399.82,1.124,0
W015,2025-10-27 20:00:00,2272.5,21.54,12.64,108.54,19.26,2611.57,1.135,0
W015,2025-10-28 00:00:00,2291.1,28.22,13.19,118.28,19.58,2539.92,1.135,0
W015,2025-10-28 04:00:00,2309.8,21.84,12.72,128.56,18.47,2546.34,1.13,0
W015,2025-10-28 08:00:00,2328.5,24.94,12.95,112.61,17.89,2603.86,1.127,0
W015,2025-10-28 12:00:00,2347.1,25.42,13.11,111.84,17.87,2628.4,1.149,0
W015,2025-10-28 16:00:00,2365.8,25.96,11.77,114.38,14.94,2625.7,1.096,0
W015,2025-10-28 20:00:00,2384.4,28.07,14.32,97.42,19.3,2654.74,1.123,0
W015,2025-10-29 00:00:00,2403.1,21.42,11.34,110.45,19.37,2523.93,1.142,0
W015,2025-10-29 04:00:00,2421.7,24.63,12.68,105.57,14.94,2682.77,1.126,0
W015,2025-10-29 08:00:00,2440.4,25.9,15.31,114.23,16.67,2676.99,1.129,0
W015,2025-10-29 12:00:00,2459.1,25.96,14.1,115.0,18.42,2560.07,1.144,0
W015,2025-10-29 16:00:00,2477.7,23.76,13.06,115.45,13.6,2679.99,1.111,0
W015,2025-10-29 20:00:00,2496.4,19.29,12.74,104.24,18.84,2607.09,1.123,0
W015,2025-10-30 00:00:00,2515.0,20.47,12.36,118.69,15.13,2539.84,1.107,0
W015,2025-10-30 04:00:00,2533.7,24.81,12.9,118.28,20.25,2692.68,1.115,0
W015,2025-10-30 08:00:00,2552.3,23.43,15.08,119.18,19.43,2420.26,1.141,0
W015,2025-10-30 12:00:00,2571.0,20.12,14.4,118.86,19.06,2572.85,1.151,0
W015,2025-10-30 16:00:00,2589.7,24.03,13.88,109.39,18.71,2762.95,1.111,0
W015,2025-10-30 20:00:00,2608.3,24.69,14.68,125.35,19.31,2587.88,1.139,0
W015,2025-10-31 00:00:00,2627.0,21.7,15.23,105.71,17.12,2629.12,1.15,0
W015,2025-10-31 04:00:00,2645.6,22.46,12.23,113.73,17.34,2562.13,1.126,0
W015,2025-10-31 08:00:00,2664.3,21.2,10.83,116.8,19.21,2727.93,1.146,0
W015,2025-10-31 12:00:00,2683.0,24.93,13.84,104.42,18.5,2605.24,1.149,0
W015,2025-10-31 16:00:00,2701.6,24.2,13.21,126.75,19.53,2627.76,1.141,0
W015,2025-10-31 20:00:00,2720.3,22.68,13.42,101.98,16.35,2550.55,1.141,0
W015,2025-11-01 00:00:00,2738.9,17.54,12.62,111.1,18.21,2642.06,1.125,0
W015,2025-11-01 04:00:00,2757.6,20.78,12.38,112.66,17.91,2721.7,1.12,0
W015,2025-11-01 08:00:00,2776.2,27.75,11.55,120.73,17.14,2523.4,1.155,0
W015,2025-11-01 12:00:00,2794.9,22.75,13.47,113.34,16.95,2591.52,1.087,0
W015,2025-11-01 16:00:00,2813.6,16.94,13.99,122.1,20.45,2523.36,1.139,0
W015,2025-11-01 20:00:00,2832.2,15.92,12.87,119.94,17.97,2581.69,1.136,0
W015,2025-11-02 00:00:00,2850.9,20.53,14.55,113.67,28.51,2648.66,1.112,1
W015,2025-11-02 04:00:00,2869.5,14.94,12.84,110.99,27.95,2840.33,1.137,1
W015,2025-11-02 08:00:00,2888.2,6.78,16.96,117.82,29.06,2730.0,1.138,1
W015,2025-11-02 12:00:00,2906.8,6.69,18.9,113.52,37.24,2885.69,1.15,1
W015,2025-11-02 16:00:00,2925.5,5.21,18.56,106.88,38.58,2833.14,1.148,1
W015,2025-11-02 20:00:00,2944.2,6.32,19.64,108.58,36.91,2903.71,1.137,1
W015,2025-11-03 00:00:00,2962.8,4.92,19.46,112.35,34.02,2816.63,1.125,1
W015,2025-11-03 04:00:00,2981.5,8.05,16.45,102.99,26.23,2403.7,1.152,1
W015,2025-11-03 08:00:00,3000.1,13.82,16.97,115.15,24.58,2595.15,1.154,1
W015,2025-11-03 12:00:00,3018.8,22.85,15.64,108.02,19.64,2666.75,1.137,0
W015,2025-11-03 16:00:00,3037.4,19.22,13.06,110.09,20.14,2642.38,1.131,0
W015,2025-11-03 20:00:00,3056.1,18.19,12.71,122.42,18.2,2619.95,1.167,0
W015,2025-11-04 00:00:00,3074.8,21.26,12.19,117.42,18.76,2585.41,1.13,0
W015,2025-11-04 04:00:00,3093.4,26.84,12.75,106.29,18.35,2720.79,1.139,0
W015,2025-11-04 08:00:00,3112.1,24.11,11.83,118.77,16.28,2669.79,1.154,0
W015,2025-11-04 12:00:00,3130.7,22.8,11.55,107.85,20.87,2575.25,1.154,0
W015,2025-11-04 16:00:00,3149.4,22.86,11.89,111.8,21.06,2960.5,1.138,0
W015,2025-11-04 20:00:00,3168.1,21.34,10.94,105.1,16.46,2608.44,1.143,0
W015,2025-11-05 00:00:00,3186.7,24.57,13.73,119.24,16.89,2644.17,1.138,0
W015,2025-11-05 04:00:00,3205.4,18.7,10.44,110.99,13.53,2550.63,1.152,0
W015,2025-11-05 08:00:00,3224.0,23.04,13.43,122.08,16.69,2716.02,1.132,0
W015,2025-11-05 12:00:00,3242.7,23.33,13.63,116.25,17.3,2685.43,1.151,0
W015,2025-11-05 16:00:00,3261.3,18.21,14.67,107.58,16.42,2680.52,1.154,0
W015,2025-11-05 20:00:00,3280.0,23.16,13.89,108.18,17.06,2476.27,1.132,0
W016,2025-06-15 00:00:00,500.0,25.98,11.86,108.95,11.9,2383.01,1.082,0
W016,2025-06-15 04:00:00,518.1,27.06,9.1,115.97,17.71,2320.21,1.099,0
W016,2025-06-15 08:00:00,536.2,29.69,9.07,119.41,13.03,2360.93,1.086,0
W016,2025-06-15 12:00:00,554.4,32.68,9.41,117.35,13.49,2314.98,1.037,0
W016,2025-06-15 16:00:00,572.5,36.28,11.83,110.4,12.98,2318.36,1.102,0
W016,2025-06-15 20:00:00,590.6,24.32,10.79,125.62,12.96,2372.2,1.125,0
W016,2025-06-16 00:00:00,608.7,31.9,11.19,118.04,14.28,2483.93,1.086,0
W016,2025-06-16 04:00:00,626.8,24.12,10.41,109.2,14.49,2345.64,1.11,0
W016,2025-06-16 08:00:00,645.0,32.09,11.39,114.98,13.09,2174.64,1.095,0
W016,2025-06-16 12:00:00,663.1,32.38,10.84,111.79,15.84,2365.44,1.119,0
W016,2025-06-16 16:00:00,681.2,33.7,12.44,119.55,12.68,2434.6,1.099,0
W016,2025-06-16 20:00:00,699.3,31.82,11.74,117.72,19.86,2370.07,1.108,0
W016,2025-06-17 00:00:00,717.4,28.59,12.19,120.64,15.66,2529.15,1.081,0
W016,2025-06-17 04:00:00,735.6,28.54,11.32,120.28,15.32,2496.63,1.085,0
W016,2025-06-17 08:00:00,753.7,26.58,11.46,114.54,15.98,2380.44,1.09,0
W016,2025-06-17 12:00:00,771.8,29.78,11.04,113.17,14.63,2348.58,1.108,0
W016,2025-06-17 16:00:00,789.9,30.58,14.39,115.96,14.01,2627.25,1.102,0
W016,2025-06-17 20:00:00,808.1,30.47,12.69,118.74,16.96,2289.7,1.102,0
W016,2025-06-18 00:00:00,826.2,23.53,11.54,110.65,16.64,2420.95,1.104,0
W016,2025-06-18 04:00:00,844.3,28.36,10.89,113.43,17.66,2488.98,1.08,0
W016,2025-06-18 08:00:00,862.4,22.91,10.71,121.27,18.19,2311.64,1.102,0
W016,2025-06-18 12:00:00,880.5,33.0,12.42,123.53,17.8,2314.94,1.095,0
W016,2025-06-18 16:00:00,898.7,27.6,11.96,120.5,16.74,2134.59,1.078,0
W016,2025-06-18 20:00:00,916.8,20.94,12.06,116.44,16.51,2314.54,1.108,0
W016,2025-06-19 00:00:00,934.9,29.65,9.92,106.2,16.0,2564.1,1.124,0
W016,2025-06-19 04:00:00,953.0,29.19,10.71,120.32,15.19,2335.76,1.067,0
W016,2025-06-19 08:00:00,971.1,27.81,10.86,115.58,11.86,2422.11,1.063,0
W016,2025-06-19 12:00:00,989.3,30.76,12.58,113.33,17.01,2320.79,1.101,0
W016,2025-06-19 16:00:00,1007.4,29.88,7.16,112.32,15.96,2393.15,1.122,0
W016,2025-06-19 20:00:00,1025.5,24.13,10.87,103.5,18.72,2390.64,1.094,0
W016,2025-06-20 00:00:00,1043.6,27.34,12.75,117.08,20.77,2455.65,1.094,0
W016,2025-06-20 04:00:00,1061.7,25.82,11.21,105.99,16.07,2487.3,1.092,0
W016,2025-06-20 08:00:00,1079.9,25.08,14.07,106.44,12.28,2315.02,1.078,0
W016,2025-06-20 12:00:00,1098.0,28.66,11.26,113.68,18.08,2358.56,1.114,0
W016,2025-06-20 16:00:00,1116.1,32.03,11.12,119.42,15.56,2505.94,1.079,0
W016,2025-06-20 20:00:00,1134.2,22.56,11.21,109.67,15.07,2405.01,1.113,0
W016,2025-06-21 00:00:00,1152.3,26.28,10.56,112.89,14.62,2342.7,1.079,0
W016,2025-06-21 04:00:00,1170.5,27.71,10.95,120.8,13.39,2379.96,1.131,0
W016,2025-06-21 08:00:00,1188.6,24.68,11.45,107.7,13.57,2570.0,1.106,0
W016,2025-06-21 12:00:00,1206.7,27.9,9.26,117.15,18.08,2536.19,1.114,0
W016,2025-06-21 16:00:00,1224.8,24.11,12.27,119.01,12.77,2333.82,1.118,0
W016,2025-06-21 20:00:00,1243.0,30.13,9.48,119.77,16.17,2507.02,1.095,0
W016,2025-06-22 00:00:00,1261.1,29.44,13.07,112.89,16.03,2380.35,1.13,0
W016,2025-06-22 04:00:00,1279.2,27.14,10.42,110.71,16.23,2508.51,1.086,0
W016,2025-06-22 08:00:00,1297.3,33.04,12.26,117.8,15.83,2444.44,1.104,0
W016,2025-06-22 12:00:00,1315.4,30.55,11.79,119.6,15.22,2462.31,1.094,0
W016,2025-06-22 16:00:00,1333.6,31.15,10.55,113.05,15.43,2414.84,1.118,0
W016,2025-06-22 20:00:00,1351.7,26.55,13.89,110.09,16.3,2378.86,1.113,0
W016,2025-06-23 00:00:00,1369.8,27.45,11.57,122.13,14.82,2503.46,1.096,0
W016,2025-06-23 04:00:00,1387.9,27.84,10.01,111.02,15.85,2615.99,1.109,0
W016,2025-06-23 08:00:00,1406.0,32.46,12.13,112.68,18.77,2494.0,1.098,0
W016,2025-06-23 12:00:00,1424.2,28.91,11.36,103.07,17.68,2555.2,1.136,0
W016,2025-06-23 16:00:00,1442.3,28.77,11.43,120.01,17.53,2606.1,1.108,0
W016,2025-06-23 20:00:00,1460.4,27.0,10.73,118.22,13.21,2530.49,1.118,0
W016,2025-06-24 00:00:00,1478.5,29.26,12.01,124.2,17.57,2408.0,1.101,0
W016,2025-06-24 04:00:00,1496.6,24.86,12.63,109.0,17.95,2583.7,1.097,0
W016,2025-06-24 08:00:00,1514.8,26.94,11.82,120.3,18.9,2314.93,1.106,0
W016,2025-06-24 12:00:00,1532.9,26.7,9.7,112.09,16.77,2443.54,1.087,0
W016,2025-06-24 16:00:00,1551.0,36.12,12.2,115.67,14.02,2494.07,1.109,0
W016,2025-06-24 20:00:00,1569.1,21.83,10.19,119.77,19.5,2505.65,1.128,0
W016,2025-06-25 00:00:00,1587.2,27.03,11.67,121.55,18.99,2591.7,1.096,0
W016,2025-06-25 04:00:00,1605.4,24.8,13.02,113.44,17.7,2550.44,1.127,0
W016,2025-06-25 08:00:00,1623.5,30.06,12.11,106.82,17.64,2648.13,1.105,0
W016,2025-06-25 12:00:00,1641.6,27.06,13.64,116.15,17.01,2397.47,1.079,0
W016,2025-06-25 16:00:00,1659.7,21.66,12.01,121.58,16.81,2435.86,1.1,0
W016,2025-06-25 20:00:00,1677.9,26.97,14.64,121.38,18.09,2351.76,1.108,0
W016,2025-06-26 00:00:00,1696.0,30.84,14.28,105.77,16.9,2519.24,1.102,0
W016,2025-06-26 04:00:00,1714.1,18.07,12.75,110.27,15.59,2456.63,1.112,0
W016,2025-06-26 08:00:00,1732.2,24.97,11.27,113.68,13.84,2518.54,1.072,0
W016,2025-06-26 12:00:00,1750.3,24.13,13.98,108.64,18.29,2596.55,1.065,0
W016,2025-06-26 16:00:00,1768.5,24.55,8.29,114.29,16.99,2271.1,1.144,0
W016,2025-06-26 20:00:00,1786.6,24.01,11.72,123.79,18.18,2405.66,1.081,3
W016,2025-06-27 00:00:00,1804.7,22.17,14.41,116.81,21.75,2546.54,1.12,3
W016,2025-06-27 04:00:00,1822.8,16.43,13.98,116.64,25.09,2439.82,1.096,3
W016,2025-06-27 08:00:00,1840.9,13.96,15.65,108.45,22.75,2535.03,1.113,3
W016,2025-06-27 12:00:00,1859.1,15.97,15.64,126.09,27.45,2425.69,1.133,3
W016,2025-06-27 16:00:00,1877.2,11.69,14.44,127.86,32.96,2589.73,1.116,3
W016,2025-06-27 20:00:00,1895.3,14.68,15.41,108.85,28.34,2646.4,1.136,3
W016,2025-06-28 00:00:00,1913.4,12.56,15.74,112.68,29.2,2846.36,1.113,3
W016,2025-06-28 04:00:00,1931.5,16.02,13.88,115.18,23.8,2806.45,1.114,3
W016,2025-06-28 08:00:00,1949.7,15.38,14.07,121.85,19.63,2329.54,1.118,3
W016,2025-06-28 12:00:00,1967.8,25.33,16.01,112.72,17.89,2431.19,1.122,3
W016,2025-06-28 16:00:00,1985.9,23.36,13.77,117.79,17.08,2437.23,1.112,0
W016,2025-06-28 20:00:00,2004.0,17.71,12.95,115.16,17.34,2565.83,1.126,0
W016,2025-06-29 00:00:00,2022.1,24.67,12.67,106.57,15.95,2526.98,1.109,0
W016,2025-06-29 04:00:00,2040.3,27.58,11.61,116.3,17.21,2591.59,1.134,0
W016,2025-06-29 08:00:00,2058.4,27.08,9.44,122.16,19.75,2483.03,1.125,0
W016,2025-06-29 12:00:00,2076.5,22.33,9.68,110.57,16.03,2496.48,1.107,0
W016,2025-06-29 16:00:00,2094.6,22.8,12.58,110.38,17.98,2591.76,1.158,0
W016,2025-06-29 20:00:00,2112.8,28.38,12.96,111.28,17.53,2561.8,1.115,0
W016,2025-06-30 00:00:00,2130.9,27.35,10.5,113.53,18.0,2508.51,1.12,0
W016,2025-06-30 04:00:00,2149.0,24.59,11.35,122.04,15.17,2565.02,1.129,0
W016,2025-06-30 08:00:00,2167.1,22.15,12.71,109.54,19.5,2435.89,1.114,0
W016,2025-06-30 12:00:00,2185.2,21.33,10.56,124.55,17.98,2553.0,1.114,0
W016,2025-06-30 16:00:00,2203.4,27.72,11.36,119.76,15.43,2484.36,1.135,0
W016,2025-06-30 20:00:00,2221.5,27.59,13.5,108.7,16.2,2558.48,1.112,0
W016,2025-07-01 00:00:00,2239.6,29.11,9.0,110.33,16.08,2290.4,1.104,0
W016,2025-07-01 04:00:00,2257.7,26.88,12.65,124.44,19.78,2587.32,1.13,0
W016,2025-07-01 08:00:00,2275.8,25.2,8.62,106.63,17.18,2605.78,1.13,0
W016,2025-07-01 12:00:00,2294.0,22.32,14.01,123.89,18.69,2641.4,1.117,0
W016,2025-07-01 16:00:00,2312.1,28.23,12.82,118.07,17.66,2543.4,1.113,0
W016,2025-07-01 20:00:00,2330.2,24.75,14.08,112.35,18.61,2622.66,1.122,0
W016,2025-07-02 00:00:00,2348.3,29.17,12.07,124.06,17.78,2556.89,1.114,0
W016,2025-07-02 04:00:00,2366.4,24.74,12.29,107.45,16.61,2487.97,1.136,0
W016,2025-07-02 08:00:00,2384.6,28.92,10.76,125.27,16.77,2474.55,1.139,0
W016,2025-07-02 12:00:00,2402.7,21.16,13.28,112.57,16.53,2629.46,1.124,0
W016,2025-07-02 16:00:00,2420.8,18.19,14.23,107.77,15.92,2673.62,1.11,0
W016,2025-07-02 20:00:00,2438.9,15.55,14.33,113.18,17.61,2539.98,1.132,0
W016,2025-07-03 00:00:00,2457.0,20.24,15.61,106.14,18.8,2628.07,1.118,0
W016,2025-07-03 04:00:00,2475.2,19.43,14.93,109.05,16.91,2652.13,1.13,0
W016,2025-07-03 08:00:00,2493.3,17.11,16.02,111.82,17.28,2597.28,1.139,0
W016,2025-07-03 12:00:00,2511.4,28.38,10.91,119.96,19.34,2563.91,1.142,0
W016,2025-07-03 16:00:00,2529.5,22.27,12.12,124.58,21.43,2505.05,1.127,1
W016,2025-07-03 20:00:00,2547.7,15.29,14.99,121.68,25.67,2534.31,1.125,1
W016,2025-07-04 00:00:00,2565.8,11.63,19.19,116.05,25.76,2692.88,1.119,1
W016,2025-07-04 04:00:00,2583.9,19.31,19.27,115.11,35.45,2884.56,1.148,1
W016,2025-07-04 08:00:00,2602.0,6.79,16.71,101.89,34.54,2704.13,1.137,1
W016,2025-07-04 12:00:00,2620.1,5.72,22.26,107.96,38.9,2942.15,1.126,1
W016,2025-07-04 16:00:00,2638.3,2.0,17.97,109.78,35.34,2798.75,1.141,1
W016,2025-07-04 20:00:00,2656.4,7.1,17.08,111.14,34.69,2641.07,1.129,1
W016,2025-07-05 00:00:00,2674.5,9.87,17.64,107.3,26.24,2636.35,1.15,1
W016,2025-07-05 04:00:00,2692.6,17.59,18.0,112.64,25.71,2806.73,1.149,1
W016,2025-07-05 08:00:00,2710.7,23.72,11.47,110.32,17.34,2721.89,1.111,2
W016,2025-07-05 12:00:00,2728.9,18.73,11.83,118.36,19.03,2556.38,1.124,2
W016,2025-07-05 16:00:00,2747.0,16.26,12.19,123.19,18.89,2478.26,1.099,2
W016,2025-07-05 20:00:00,2765.1,16.53,12.95,109.19,18.82,2284.79,1.094,2
W016,2025-07-06 00:00:00,2783.2,13.71,13.37,111.48,19.25,2175.43,1.063,2
W016,2025-07-06 04:00:00,2801.3,21.91,15.18,122.09,19.95,2000.58,1.061,2
W016,2025-07-06 08:00:00,2819.5,17.05,12.49,107.95,20.93,2023.77,1.067,2
W016,2025-07-06 12:00:00,2837.6,19.76,15.05,107.44,21.56,2025.72,1.043,2
W016,2025-07-06 16:00:00,2855.7,17.19,15.0,112.77,23.23,2220.86,1.067,2
W016,2025-07-06 20:00:00,2873.8,22.91,14.07,109.4,23.19,2302.02,1.089,2
W016,2025-07-07 00:00:00,2891.9,17.84,15.17,118.1,20.39,2341.64,1.117,2
W016,2025-07-07 04:00:00,2910.1,23.95,12.4,106.5,19.82,2336.9,1.12,2
W016,2025-07-07 08:00:00,2928.2,20.45,15.23,112.64,20.42,2497.88,1.142,2
W016,2025-07-07 12:00:00,2946.3,28.68,11.8,116.75,22.95,2630.09,1.14,0
W016,2025-07-07 16:00:00,2964.4,24.87,13.46,104.76,20.04,2445.82,1.133,0
W016,2025-07-07 20:00:00,2982.6,26.12,12.87,110.84,19.58,2551.48,1.121,0
W016,2025-07-08 00:00:00,3000.7,23.32,13.13,107.54,19.15,2671.88,1.135,0
W016,2025-07-08 04:00:00,3018.8,21.63,14.11,122.14,17.49,2690.99,1.149,0
W016,2025-07-08 08:00:00,3036.9,25.14,13.46,109.53,17.17,2664.92,1.168,0
W016,2025-07-08 12:00:00,3055.0,21.05,14.61,113.03,18.2,2772.44,1.153,0
W016,2025-07-08 16:00:00,3073.2,18.78,12.54,122.54,18.26,2534.65,1.129,0
W016,2025-07-08 20:00:00,3091.3,24.61,14.89,115.11,22.46,2714.21,1.138,0
W016,2025-07-09 00:00:00,3109.4,20.05,11.94,117.01,17.12,2792.67,1.164,0
W016,2025-07-09 04:00:00,3127.5,24.4,11.63,110.97,20.26,2593.35,1.159,0
W016,2025-07-09 08:00:00,3145.6,23.92,13.48,110.78,17.83,2663.09,1.158,0
W016,2025-07-09 12:00:00,3163.8,19.84,13.01,115.27,19.19,2566.25,1.124,0
W016,2025-07-09 16:00:00,3181.9,24.52,11.12,122.71,17.72,2510.73,1.136,0
W016,2025-07-09 20:00:00,3200.0,23.64,12.6,115.12,19.33,2633.8,1.13,0
W017,2025-07-05 00:00:00,500.0,32.25,10.47,107.26,16.78,2447.38,1.089,0
W017,2025-07-05 04:00:00,528.5,30.83,12.05,124.62,16.6,2398.19,1.105,0
W017,2025-07-05 08:00:00,557.0,33.45,11.41,120.51,13.78,2454.45,1.081,0
W017,2025-07-05 12:00:00,585.6,26.98,10.81,106.95,13.93,2398.48,1.096,0
W017,2025-07-05 16:00:00,614.1,31.92,11.98,117.25,13.47,2450.64,1.091,0
W017,2025-07-05 20:00:00,642.6,30.72,11.16,124.45,12.85,2339.81,1.101,0
W017,2025-07-06 00:00:00,671.1,30.07,10.27,103.49,14.48,2406.44,1.102,0
W017,2025-07-06 04:00:00,699.7,29.5,11.27,108.14,15.7,2377.81,1.096,0
W017,2025-07-06 08:00:00,728.2,29.34,11.32,118.81,15.46,2216.04,1.099,0
W017,2025-07-06 12:00:00,756.7,28.84,9.94,123.1,13.32,2309.47,1.062,0
W017,2025-07-06 16:00:00,785.2,34.32,12.34,113.01,16.1,2186.07,1.103,0
W017,2025-07-06 20:00:00,813.8,27.43,13.51,117.21,15.24,2315.65,1.084,0
W017,2025-07-07 00:00:00,842.3,31.78,9.75,109.78,17.53,2418.53,1.08,0
W017,2025-07-07 04:00:00,870.8,31.66,10.58,104.41,14.1,2301.42,1.101,0
W017,2025-07-07 08:00:00,899.3,28.03,11.14,119.0,19.25,2577.12,1.101,0
W017,2025-07-07 12:00:00,927.9,29.84,10.11,105.14,10.88,2326.22,1.123,0
W017,2025-07-07 16:00:00,956.4,34.81,11.11,117.79,13.91,2402.49,1.087,0
W017,2025-07-07 20:00:00,984.9,27.67,11.92,111.37,15.89,2395.09,1.121,0
W017,2025-07-08 00:00:00,1013.4,31.66,11.37,106.42,14.12,2406.95,1.101,0
W017,2025-07-08 04:00:00,1041.9,31.99,11.31,108.8,16.07,2373.1,1.091,0
W017,2025-07-08 08:00:00,1070.5,26.69,10.47,111.66,17.09,2393.68,1.109,0
W017,2025-07-08 12:00:00,1099.0,24.59,12.12,118.85,12.38,2342.42,1.092,0
W017,2025-07-08 16:00:00,1127.5,29.39,9.94,113.53,16.18,2373.79,1.107,0
W017,2025-07-08 20:00:00,1156.0,30.53,6.56,110.15,16.77,2346.64,1.087,0
W017,2025-07-09 00:00:00,1184.6,33.11,11.23,123.74,14.16,2538.49,1.09,0
W017,2025-07-09 04:00:00,1213.1,19.79,12.81,118.44,17.21,2414.85,1.126,0
W017,2025-07-09 08:00:00,1241.6,30.1,13.04,115.73,13.58,2442.67,1.11,0
W017,2025-07-09 12:00:00,1270.1,33.6,12.2,108.72,16.84,2552.89,1.131,0
W017,2025-07-09 16:00:00,1298.7,27.18,11.5,106.53,14.91,2481.81,1.083,0
W017,2025-07-09 20:00:00,1327.2,33.64,11.26,115.72,16.62,2547.61,1.111,0
W017,2025-07-10 00:00:00,1355.7,24.3,12.43,121.76,14.39,2521.13,1.111,0
W017,2025-07-10 04:00:00,1384.2,27.79,10.84,113.67,16.79,2414.09,1.093,0
W017,2025-07-10 08:00:00,1412.8,24.44,12.22,117.94,15.88,2618.76,1.083,0
W017,2025-07-10 12:00:00,1441.3,28.64,9.04,114.38,16.45,2442.65,1.08,0
W017,2025-07-10 16:00:00,1469.8,27.21,11.8,120.38,13.43,2591.36,1.072,0
W017,2025-07-10 20:00:00,1498.3,23.61,12.06,116.86,18.72,2482.21,1.108,0
W017,2025-07-11 00:00:00,1526.8,28.83,8.29,108.95,13.88,2553.63,1.13,0
W017,2025-07-11 04:00:00,1555.4,33.09,12.65,120.35,16.17,2426.15,1.095,0
W017,2025-07-11 08:00:00,1583.9,23.99,9.74,119.39,15.26,2409.11,1.081,0
W017,2025-07-11 12:00:00,1612.4,24.76,11.37,105.78,20.79,2356.73,1.13,0
W017,2025-07-11 16:00:00,1640.9,27.14,10.95,113.5,16.03,2500.89,1.098,0
W017,2025-07-11 20:00:00,1669.5,29.18,11.38,107.01,15.23,2611.41,1.117,0
W017,2025-07-12 00:00:00,1698.0,27.51,11.2,113.09,16.4,2462.89,1.121,0
W017,2025-07-12 04:00:00,1726.5,28.47,10.01,118.17,14.28,2400.3,1.114,0
W017,2025-07-12 08:00:00,1755.0,28.27,12.72,102.06,17.42,2530.19,1.104,0
W017,2025-07-12 12:00:00,1783.6,26.79,12.1,94.06,13.75,2600.71,1.107,0
W017,2025-07-12 16:00:00,1812.1,27.24,11.63,119.29,15.27,2470.33,1.119,0
W017,2025-07-12 20:00:00,1840.6,30.04,13.54,113.09,15.12,2489.3,1.137,0
W017,2025-07-13 00:00:00,1869.1,29.83,11.08,105.32,17.99,2615.34,1.101,0
W017,2025-07-13 04:00:00,1897.7,26.16,13.11,117.31,12.41,2407.22,1.127,0
W017,2025-07-13 08:00:00,1926.2,28.25,12.8,119.68,16.44,2549.71,1.11,0
W017,2025-07-13 12:00:00,1954.7,27.84,12.27,125.24,14.52,2580.16,1.117,0
W017,2025-07-13 16:00:00,1983.2,29.73,11.62,122.06,14.66,2530.95,1.126,0
W017,2025-07-13 20:00:00,2011.7,25.46,12.26,121.04,15.88,2588.84,1.11,0
W017,2025-07-14 00:00:00,2040.3,24.21,12.84,111.64,12.98,2456.01,1.141,0
W017,2025-07-14 04:00:00,2068.8,30.68,10.12,106.23,15.26,2621.21,1.118,0
W017,2025-07-14 08:00:00,2097.3,26.94,10.88,113.37,17.53,2538.38,1.119,0
W017,2025-07-14 12:00:00,2125.8,29.45,11.91,120.7,14.78,2558.33,1.136,0
W017,2025-07-14 16:00:00,2154.4,32.16,10.16,113.96,13.63,2449.7,1.123,0
W017,2025-07-14 20:00:00,2182.9,21.42,12.43,118.34,15.86,2464.48,1.12,0
W017,2025-07-15 00:00:00,2211.4,33.85,11.02,110.27,11.84,2637.2,1.106,0
W017,2025-07-15 04:00:00,2239.9,27.76,14.96,117.22,16.64,2517.07,1.13,0
W017,2025-07-15 08:00:00,2268.5,27.73,12.61,100.5,16.68,2588.54,1.164,0
W017,2025-07-15 12:00:00,2297.0,27.49,12.13,117.38,16.76,2441.64,1.138,0
W017,2025-07-15 16:00:00,2325.5,24.75,12.41,109.85,15.6,2513.47,1.123,0
W017,2025-07-15 20:00:00,2354.0,27.25,12.36,114.42,17.57,2510.92,1.134,0
W017,2025-07-16 00:00:00,2382.6,22.5,15.27,117.6,15.75,2718.19,1.135,0
W017,2025-07-16 04:00:00,2411.1,22.92,12.4,108.17,14.95,2673.98,1.115,0
W017,2025-07-16 08:00:00,2439.6,20.99,13.55,124.96,19.08,2774.56,1.165,0
W017,2025-07-16 12:00:00,2468.1,22.3,12.13,105.58,14.91,2668.01,1.134,0
W017,2025-07-16 16:00:00,2496.6,27.88,11.3,111.71,18.96,2505.77,1.082,2
W017,2025-07-16 20:00:00,2525.2,21.36,13.2,119.7,20.52,2249.88,1.065,2
W017,2025-07-17 00:00:00,2553.7,14.85,12.33,113.27,18.19,2180.49,1.044,2
W017,2025-07-17 04:00:00,2582.2,18.01,14.35,110.35,20.58,2033.18,1.055,2
W017,2025-07-17 08:00:00,2610.7,23.27,13.09,106.68,17.43,2132.92,1.048,2
W017,2025-07-17 12:00:00,2639.3,24.95,13.06,104.71,22.15,2236.18,1.083,2
W017,2025-07-17 16:00:00,2667.8,24.78,12.47,120.77,16.06,2532.73,1.12,2
W017,2025-07-17 20:00:00,2696.3,22.68,12.98,122.27,17.94,2609.86,1.143,0
W017,2025-07-18 00:00:00,2724.8,27.12,11.84,115.94,18.53,2611.69,1.124,0
W017,2025-07-18 04:00:00,2753.4,25.84,12.01,118.49,19.57,2663.81,1.123,0
W017,2025-07-18 08:00:00,2781.9,25.91,8.73,114.4,18.69,2642.2,1.137,0
W017,2025-07-18 12:00:00,2810.4,31.39,10.04,106.12,17.87,2689.97,1.15,0
W017,2025-07-18 16:00:00,2838.9,23.28,11.33,109.05,17.58,2523.79,1.153,0
W017,2025-07-18 20:00:00,2867.4,24.93,11.54,110.8,14.24,2543.94,1.129,0
W017,2025-07-19 00:00:00,2896.0,26.22,12.45,109.84,14.79,2597.23,1.107,0
W017,2025-07-19 04:00:00,2924.5,24.05,14.27,113.8,17.29,2625.12,1.118,0
W017,2025-07-19 08:00:00,2953.0,30.27,11.99,114.98,15.82,2727.26,1.117,0
W017,2025-07-19 12:00:00,2981.5,28.91,12.14,111.8,15.87,2790.75,1.116,0
W017,2025-07-19 16:00:00,3010.1,23.4,10.66,104.12,19.35,2628.67,1.123,0
W017,2025-07-19 20:00:00,3038.6,27.49,12.0,111.12,18.04,2596.25,1.126,0
W017,2025-07-20 00:00:00,3067.1,27.09,12.39,119.48,16.27,2729.09,1.142,0
W017,2025-07-20 04:00:00,3095.6,28.18,14.14,122.42,17.12,2674.96,1.138,0
W017,2025-07-20 08:00:00,3124.2,22.31,15.6,110.49,18.63,2708.98,1.145,0
W017,2025-07-20 12:00:00,3152.7,24.54,12.38,111.06,17.17,2540.47,1.154,0
W017,2025-07-20 16:00:00,3181.2,24.31,11.16,107.34,16.76,2641.19,1.136,0
W017,2025-07-20 20:00:00,3209.7,26.51,13.12,115.34,15.33,2586.47,1.123,0
W017,2025-07-21 00:00:00,3238.3,24.43,13.44,107.73,15.99,2651.45,1.153,0
W017,2025-07-21 04:00:00,3266.8,20.57,15.93,119.52,15.92,2563.01,1.15,0
W017,2025-07-21 08:00:00,3295.3,26.42,11.11,108.32,15.39,2668.29,1.147,0
W017,2025-07-21 12:00:00,3323.8,31.49,9.35,110.97,16.05,2709.4,1.154,0
W017,2025-07-21 16:00:00,3352.3,24.4,14.87,108.3,15.75,2550.36,1.145,0
W017,2025-07-21 20:00:00,3380.9,24.0,13.78,126.12,19.68,2561.84,1.148,0
W017,2025-07-22 00:00:00,3409.4,27.32,13.6,128.89,16.6,2682.06,1.182,0
W017,2025-07-22 04:00:00,3437.9,26.26,11.7,109.15,17.38,2774.17,1.165,0
W017,2025-07-22 08:00:00,3466.4,22.38,12.75,112.29,16.73,2762.81,1.149,0
W017,2025-07-22 12:00:00,3495.0,26.96,13.62,111.33,19.21,2585.88,1.131,0
W017,2025-07-22 16:00:00,3523.5,23.57,11.14,118.63,21.61,2789.11,1.138,0
W017,2025-07-22 20:00:00,3552.0,19.71,14.56,107.9,17.54,2748.54,1.143,3
W017,2025-07-23 00:00:00,3580.5,15.24,14.7,120.25,26.0,2843.55,1.161,3
W017,2025-07-23 04:00:00,3609.1,11.04,13.67,114.36,32.29,2826.38,1.158,3
W017,2025-07-23 08:00:00,3637.6,7.0,15.79,122.25,30.13,2891.05,1.144,3
W017,2025-07-23 12:00:00,3666.1,7.43,16.11,109.13,24.85,2885.47,1.144,3
W017,2025-07-23 16:00:00,3694.6,12.32,16.11,114.36,22.31,2789.0,1.155,3
W017,2025-07-23 20:00:00,3723.2,19.2,14.99,119.95,18.19,2849.32,1.185,3
W017,2025-07-24 00:00:00,3751.7,21.55,12.05,110.99,18.58,2921.21,1.166,0
W017,2025-07-24 04:00:00,3780.2,21.5,12.76,111.02,19.91,2693.93,1.162,0
W017,2025-07-24 08:00:00,3808.7,21.79,16.58,111.79,16.73,2675.6,1.163,0
W017,2025-07-24 12:00:00,3837.2,26.8,14.04,119.24,19.02,2572.25,1.157,0
W017,2025-07-24 16:00:00,3865.8,21.55,13.19,110.06,19.56,2729.6,1.158,0
W017,2025-07-24 20:00:00,3894.3,22.06,12.46,104.31,18.49,2738.6,1.166,0
W017,2025-07-25 00:00:00,3922.8,22.72,11.78,110.23,20.41,2760.21,1.171,0
W017,2025-07-25 04:00:00,3951.3,25.26,11.92,112.96,19.23,2661.25,1.153,0
W017,2025-07-25 08:00:00,3979.9,20.94,12.29,114.22,17.13,2701.92,1.164,0
W017,2025-07-25 12:00:00,4008.4,25.49,14.55,116.06,20.95,2800.23,1.172,0
W017,2025-07-25 16:00:00,4036.9,22.01,12.82,117.26,19.63,2759.76,1.151,0
W017,2025-07-25 20:00:00,4065.4,18.65,11.03,115.26,19.47,2539.92,1.152,0
W017,2025-07-26 00:00:00,4094.0,20.19,13.97,111.0,15.79,2695.53,1.15,0
W017,2025-07-26 04:00:00,4122.5,22.54,13.08,117.65,17.99,2844.82,1.156,0
W017,2025-07-26 08:00:00,4151.0,24.36,13.88,113.23,19.24,2684.41,1.182,0
W017,2025-07-26 12:00:00,4179.5,20.17,11.39,106.49,18.16,2708.97,1.166,0
W017,2025-07-26 16:00:00,4208.1,19.19,14.13,116.1,17.18,2819.12,1.173,0
W017,2025-07-26 20:00:00,4236.6,22.78,14.73,121.66,16.58,2867.94,1.151,0
W017,2025-07-27 00:00:00,4265.1,24.81,14.82,113.95,17.9,2742.25,1.153,0
W017,2025-07-27 04:00:00,4293.6,20.59,14.14,120.13,17.97,2681.39,1.149,0
W017,2025-07-27 08:00:00,4322.1,22.18,12.61,122.12,16.74,2829.2,1.157,0
W017,2025-07-27 12:00:00,4350.7,21.65,13.66,118.12,18.76,2728.18,1.169,0
W017,2025-07-27 16:00:00,4379.2,21.38,11.25,116.37,20.27,2920.69,1.172,0
W017,2025-07-27 20:00:00,4407.7,23.26,9.47,131.36,20.58,2853.17,1.169,0
W017,2025-07-28 00:00:00,4436.2,15.81,13.67,115.19,15.46,2828.32,1.187,0
W017,2025-07-28 04:00:00,4464.8,23.52,13.91,117.41,17.42,2859.37,1.192,0
W017,2025-07-28 08:00:00,4493.3,22.62,12.27,106.69,18.9,2849.54,1.175,0
W017,2025-07-28 12:00:00,4521.8,21.79,13.82,111.79,16.72,2707.73,1.156,0
W017,2025-07-28 16:00:00,4550.3,24.09,13.0,110.91,15.55,2860.93,1.187,0
W017,2025-07-28 20:00:00,4578.9,19.43,13.21,109.4,17.74,2858.39,1.196,0
W017,2025-07-29 00:00:00,4607.4,21.16,14.45,119.35,17.73,2911.22,1.167,0
W017,2025-07-29 04:00:00,4635.9,23.81,12.54,118.19,18.78,2916.81,1.2,0
W017,2025-07-29 08:00:00,4664.4,25.25,14.41,112.66,13.92,2929.93,1.201,0
W017,2025-07-29 12:00:00,4693.0,23.44,11.89,123.27,19.99,2632.87,1.176,0
W017,2025-07-29 16:00:00,4721.5,23.23,10.99,108.53,19.96,2825.64,1.16,0
W017,2025-07-29 20:00:00,4750.0,20.49,11.6,115.45,19.35,2928.4,1.165,0
W018,2025-06-02 00:00:00,500.0,28.94,10.61,104.51,16.03,2281.16,1.085,0
W018,2025-06-02 04:00:00,528.6,35.28,12.42,124.67,13.78,2423.85,1.097,0
W018,2025-06-02 08:00:00,557.2,29.84,9.87,121.51,14.07,2373.56,1.105,0
W018,2025-06-02 12:00:00,585.8,27.07,9.37,130.1,13.45,2509.94,1.091,0
W018,2025-06-02 16:00:00,614.4,28.72,10.51,114.63,17.41,2435.63,1.089,0
W018,2025-06-02 20:00:00,643.0,24.4,11.03,115.8,17.27,2238.41,1.085,0
W018,2025-06-03 00:00:00,671.5,28.42,10.92,115.55,15.79,2203.33,1.096,0
W018,2025-06-03 04:00:00,700.1,30.74,11.11,113.93,8.84,2428.15,1.079,0
W018,2025-06-03 08:00:00,728.7,31.84,12.88,104.94,16.05,2268.96,1.094,0
W018,2025-06-03 12:00:00,757.3,29.62,12.13,118.65,15.47,2235.4,1.057,0
W018,2025-06-03 16:00:00,785.9,32.74,12.12,109.02,15.63,2367.62,1.112,0
W018,2025-06-03 20:00:00,814.5,30.25,12.35,111.32,15.51,2352.45,1.087,0
W018,2025-06-04 00:00:00,843.1,23.01,12.39,125.5,12.5,2455.16,1.107,0
W018,2025-06-04 04:00:00,871.7,28.46,9.89,122.08,16.94,2436.52,1.09,0
W018,2025-06-04 08:00:00,900.3,33.27,9.75,123.52,17.94,2505.36,1.103,0
W018,2025-06-04 12:00:00,928.9,22.36,10.72,125.59,16.69,2441.35,1.088,0
W018,2025-06-04 16:00:00,957.4,33.07,8.64,113.97,18.13,2332.93,1.108,0
W018,2025-06-04 20:00:00,986.0,24.73,10.02,116.08,15.64,2594.53,1.092,0
W018,2025-06-05 00:00:00,1014.6,31.78,11.85,111.47,16.72,2471.74,1.096,0
W018,2025-06-05 04:00:00,1043.2,30.58,9.56,109.69,14.96,2482.03,1.096,0
W018,2025-06-05 08:00:00,1071.8,28.15,10.65,119.97,12.57,2495.42,1.109,0
W018,2025-06-05 12:00:00,1100.4,25.93,10.65,118.82,11.56,2327.87,1.079,0
W018,2025-06-05 16:00:00,1129.0,28.27,12.56,119.79,14.09,2516.79,1.113,0
W018,2025-06-05 20:00:00,1157.6,33.83,10.87,118.23,21.07,2399.47,1.102,0
W018,2025-06-06 00:00:00,1186.2,29.52,10.86,118.35,15.1,2307.64,1.104,0
W018,2025-06-06 04:00:00,1214.8,25.92,9.21,121.87,15.04,2468.13,1.057,0
W018,2025-06-06 08:00:00,1243.4,29.0,11.33,105.67,15.01,2375.0,1.116,0
W018,2025-06-06 12:00:00,1271.9,27.77,9.52,117.63,12.27,2338.66,1.106,0
W018,2025-06-06 16:00:00,1300.5,25.63,13.59,116.02,17.13,2503.07,1.099,0
W018,2025-06-06 20:00:00,1329.1,24.3,11.73,120.2,15.58,2499.39,1.106,0
W018,2025-06-07 00:00:00,1357.7,22.84,9.6,124.37,13.9,2391.97,1.121,0
W018,2025-06-07 04:00:00,1386.3,23.92,10.77,113.73,15.38,2365.15,1.105,0
W018,2025-06-07 08:00:00,1414.9,29.54,11.62,111.05,17.7,2609.22,1.123,0
W018,2025-06-07 12:00:00,1443.5,24.13,10.15,117.62,16.31,2348.55,1.113,0
W018,2025-06-07 16:00:00,1472.1,27.8,14.02,112.39,18.5,2590.67,1.099,0
W018,2025-06-07 20:00:00,1500.7,28.56,11.48,113.49,16.44,2393.98,1.086,0
W018,2025-06-08 00:00:00,1529.3,25.9,13.57,113.78,15.96,2539.56,1.087,0
W018,2025-06-08 04:00:00,1557.9,28.82,14.3,115.55,12.54,2464.49,1.12,0
W018,2025-06-08 08:00:00,1586.4,27.84,12.21,117.36,14.32,2401.86,1.106,0
W018,2025-06-08 12:00:00,1615.0,28.68,10.02,127.34,11.64,2324.05,1.121,0
W018,2025-06-08 16:00:00,1643.6,28.9,11.69,119.06,17.02,2480.81,1.117,0
W018,2025-06-08 20:00:00,1672.2,18.08,11.6,114.71,19.44,2409.63,1.113,0
W018,2025-06-09 00:00:00,1700.8,31.77,12.64,115.15,17.73,2415.74,1.14,0
W018,2025-06-09 04:00:00,1729.4,29.43,9.36,111.37,12.12,2561.85,1.123,0
W018,2025-06-09 08:00:00,1758.0,26.12,13.6,114.5,20.72,2385.43,1.125,0
W018,2025-06-09 12:00:00,1786.6,26.31,10.78,113.96,16.66,2501.77,1.126,0
W018,2025-06-09 16:00:00,1815.2,29.32,13.98,107.79,13.2,2493.57,1.104,0
W018,2025-06-09 20:00:00,1843.8,30.12,10.2,111.7,15.4,2661.71,1.148,0
W018,2025-06-10 00:00:00,1872.3,24.08,8.51,111.56,15.93,2502.22,1.116,0
W018,2025-06-10 04:00:00,1900.9,29.95,11.2,116.28,17.16,2528.85,1.128,0
W018,2025-06-10 08:00:00,1929.5,18.64,12.95,115.24,19.34,2494.23,1.126,1
W018,2025-06-10 12:00:00,1958.1,17.08,13.98,110.14,23.29,2570.72,1.105,1
W018,2025-06-10 16:00:00,1986.7,9.8,17.93,108.97,32.61,2711.28,1.134,1
W018,2025-06-10 20:00:00,2015.3,5.89,18.36,104.26,36.12,2555.19,1.136,1
W018,2025-06-11 00:00:00,2043.9,8.29,17.95,106.72,33.56,2780.68,1.149,1
W018,2025-06-11 04:00:00,2072.5,17.78,14.54,110.55,23.56,2525.23,1.121,1
W018,2025-06-11 08:00:00,2101.1,27.54,12.46,123.03,14.88,2585.8,1.118,1
W018,2025-06-11 12:00:00,2129.7,22.42,11.15,112.84,14.4,2602.81,1.117,0
W018,2025-06-11 16:00:00,2158.3,24.54,11.45,111.21,18.96,2509.04,1.109,0
W018,2025-06-11 20:00:00,2186.8,32.44,12.89,115.64,14.57,2609.54,1.102,0
W018,2025-06-12 00:00:00,2215.4,29.58,12.18,120.94,11.75,2460.84,1.109,0
W018,2025-06-12 04:00:00,2244.0,24.15,12.44,113.23,14.43,2447.57,1.11,0
W018,2025-06-12 08:00:00,2272.6,30.1,11.7,119.99,20.8,2548.38,1.104,0
W018,2025-06-12 12:00:00,2301.2,27.09,14.62,121.52,14.84,2525.77,1.138,0
W018,2025-06-12 16:00:00,2329.8,28.94,12.98,113.57,16.7,2528.8,1.147,0
W018,2025-06-12 20:00:00,2358.4,22.92,9.52,110.71,14.78,2422.03,1.102,0
W018,2025-06-13 00:00:00,2387.0,28.21,12.35,113.54,17.1,2706.4,1.129,0
W018,2025-06-13 04:00:00,2415.6,24.67,11.64,118.59,16.88,2714.4,1.126,0
W018,2025-06-13 08:00:00,2444.2,28.02,11.53,110.67,13.71,2640.36,1.128,0
W018,2025-06-13 12:00:00,2472.8,26.92,15.14,109.92,15.2,2501.16,1.098,0
W018,2025-06-13 16:00:00,2501.3,24.42,13.93,115.29,14.17,2543.03,1.132,0
W018,2025-06-13 20:00:00,2529.9,27.89,13.79,112.93,16.37,2631.76,1.122,0
W018,2025-06-14 00:00:00,2558.5,27.57,11.61,124.31,17.42,2405.07,1.141,0
W018,2025-06-14 04:00:00,2587.1,25.76,13.33,128.51,16.53,2444.86,1.151,0
W018,2025-06-14 08:00:00,2615.7,19.66,11.48,115.25,15.38,2581.99,1.13,0
W018,2025-06-14 12:00:00,2644.3,29.61,8.97,115.52,15.34,2540.25,1.143,0
W018,2025-06-14 16:00:00,2672.9,26.55,13.11,107.45,19.14,2515.2,1.154,0
W018,2025-06-14 20:00:00,2701.5,23.05,14.15,115.61,13.99,2565.17,1.16,0
W018,2025-06-15 00:00:00,2730.1,27.47,11.95,122.82,17.51,2748.16,1.133,0
W018,2025-06-15 04:00:00,2758.7,24.12,14.08,116.51,18.0,2525.82,1.153,0
W018,2025-06-15 08:00:00,2787.2,27.95,14.63,106.84,14.91,2539.38,1.132,0
W018,2025-06-15 12:00:00,2815.8,21.0,13.56,112.37,19.26,2798.64,1.127,0
W018,2025-06-15 16:00:00,2844.4,22.7,13.72,115.58,17.67,2732.53,1.133,0
W018,2025-06-15 20:00:00,2873.0,21.8,10.75,113.94,16.37,2693.87,1.158,0
W018,2025-06-16 00:00:00,2901.6,27.68,11.55,110.18,14.63,2456.42,1.128,2
W018,2025-06-16 04:00:00,2930.2,19.97,10.38,126.31,17.48,2291.84,1.085,2
W018,2025-06-16 08:00:00,2958.8,16.63,13.95,104.51,21.64,2169.1,1.065,2
W018,2025-06-16 12:00:00,2987.4,19.24,13.28,111.14,20.32,1998.68,1.027,2
W018,2025-06-16 16:00:00,3016.0,22.48,16.26,118.4,19.54,2115.57,1.065,2
W018,2025-06-16 20:00:00,3044.6,20.9,12.9,100.68,14.14,2355.14,1.091,2
W018,2025-06-17 00:00:00,3073.2,20.56,11.08,111.65,17.14,2603.12,1.102,2
W018,2025-06-17 04:00:00,3101.7,27.29,13.49,113.74,18.38,2680.94,1.123,0
W018,2025-06-17 08:00:00,3130.3,23.22,13.18,111.41,18.1,2748.96,1.142,0
W018,2025-06-17 12:00:00,3158.9,23.18,11.52,112.81,16.22,2725.24,1.134,0
W018,2025-06-17 16:00:00,3187.5,24.47,13.77,113.02,16.2,2729.05,1.161,0
W018,2025-06-17 20:00:00,3216.1,25.12,15.09,115.99,18.58,2829.72,1.135,0
W018,2025-06-18 00:00:00,3244.7,23.44,13.8,114.04,15.31,2625.49,1.124,0
W018,2025-06-18 04:00:00,3273.3,25.07,12.84,121.51,19.12,2631.51,1.177,0
W018,2025-06-18 08:00:00,3301.9,21.78,10.5,107.55,14.89,2731.43,1.171,0
W018,2025-06-18 12:00:00,3330.5,30.17,9.77,120.14,19.75,2756.17,1.137,0
W018,2025-06-18 16:00:00,3359.1,25.51,11.17,119.48,14.37,2731.18,1.137,0
W018,2025-06-18 20:00:00,3387.7,26.09,12.22,112.84,18.7,2810.02,1.135,0
W018,2025-06-19 00:00:00,3416.2,25.56,10.97,112.24,15.69,2562.46,1.164,0
W018,2025-06-19 04:00:00,3444.8,25.31,11.78,114.65,19.15,2771.42,1.157,0
W018,2025-06-19 08:00:00,3473.4,22.99,12.78,108.45,16.84,2770.09,1.167,0
W018,2025-06-19 12:00:00,3502.0,23.07,13.85,118.76,16.57,2752.37,1.168,0
W018,2025-06-19 16:00:00,3530.6,27.55,11.02,113.33,17.72,2616.05,1.174,0
W018,2025-06-19 20:00:00,3559.2,25.94,11.92,111.9,15.75,2755.04,1.164,0
W018,2025-06-20 00:00:00,3587.8,20.51,15.6,112.68,16.57,2737.61,1.134,0
W018,2025-06-20 04:00:00,3616.4,18.4,11.97,110.29,19.35,2581.14,1.158,0
W018,2025-06-20 08:00:00,3645.0,25.02,15.57,112.05,17.26,2884.23,1.173,0
W018,2025-06-20 12:00:00,3673.6,21.68,15.12,116.48,18.03,2927.58,1.17,0
W018,2025-06-20 16:00:00,3702.1,28.16,11.81,125.79,17.72,2692.0,1.16,0
W018,2025-06-20 20:00:00,3730.7,24.04,14.98,120.3,16.82,2620.7,1.152,0
W018,2025-06-21 00:00:00,3759.3,22.46,13.53,123.2,18.33,2950.87,1.177,0
W018,2025-06-21 04:00:00,3787.9,21.6,10.74,129.33,17.49,2800.26,1.146,0
W018,2025-06-21 08:00:00,3816.5,27.3,14.67,108.48,14.48,2736.8,1.164,0
W018,2025-06-21 12:00:00,3845.1,24.79,12.23,111.14,14.6,2673.27,1.132,0
W018,2025-06-21 16:00:00,3873.7,20.36,13.89,116.88,16.79,2750.59,1.18,0
W018,2025-06-21 20:00:00,3902.3,21.67,11.48,119.71,19.97,2666.57,1.148,0
W018,2025-06-22 00:00:00,3930.9,16.55,12.71,109.46,15.26,2699.57,1.159,0
W018,2025-06-22 04:00:00,3959.5,21.94,12.91,124.15,18.55,2794.11,1.186,0
W018,2025-06-22 08:00:00,3988.1,25.46,12.99,103.88,17.33,2869.68,1.174,0
W018,2025-06-22 12:00:00,4016.6,21.4,13.28,115.77,16.89,2691.78,1.151,0
W018,2025-06-22 16:00:00,4045.2,23.98,11.82,123.65,17.99,2645.45,1.176,0
W018,2025-06-22 20:00:00,4073.8,27.0,18.11,123.22,16.42,2767.03,1.199,0
W018,2025-06-23 00:00:00,4102.4,20.17,11.5,112.66,16.17,2696.58,1.152,0
W018,2025-06-23 04:00:00,4131.0,24.65,11.46,115.79,16.62,2803.91,1.173,0
W018,2025-06-23 08:00:00,4159.6,25.18,14.74,111.27,17.99,2889.82,1.17,0
W018,2025-06-23 12:00:00,4188.2,25.16,11.57,120.72,14.61,2623.09,1.15,0
W018,2025-06-23 16:00:00,4216.8,23.78,14.3,110.12,14.54,2849.66,1.173,0
W018,2025-06-23 20:00:00,4245.4,23.78,16.29,115.9,16.21,2886.58,1.159,0
W018,2025-06-24 00:00:00,4274.0,22.18,12.6,110.01,17.24,2906.99,1.149,0
W018,2025-06-24 04:00:00,4302.6,25.71,10.63,124.61,21.07,2681.14,1.167,0
W018,2025-06-24 08:00:00,4331.1,24.43,12.49,126.3,18.04,2729.61,1.168,0
W018,2025-06-24 12:00:00,4359.7,20.29,13.43,112.3,16.6,2851.34,1.142,0
W018,2025-06-24 16:00:00,4388.3,27.79,13.75,126.08,19.73,2661.81,1.169,0
W018,2025-06-24 20:00:00,4416.9,17.11,12.04,114.18,16.73,2742.98,1.158,0
W018,2025-06-25 00:00:00,4445.5,29.19,13.58,118.74,17.91,2819.37,1.138,0
W018,2025-06-25 04:00:00,4474.1,27.51,12.32,121.87,20.13,2630.3,1.17,0
W018,2025-06-25 08:00:00,4502.7,23.72,13.56,114.99,17.22,2731.05,1.186,0
W018,2025-06-25 12:00:00,4531.3,23.69,13.68,105.39,17.54,2793.42,1.183,0
W018,2025-06-25 16:00:00,4559.9,17.27,11.76,125.79,16.56,2634.95,1.161,0
W018,2025-06-25 20:00:00,4588.5,20.12,14.38,118.83,16.26,2770.63,1.18,0
W018,2025-06-26 00:00:00,4617.0,24.21,11.85,109.46,21.81,2784.5,1.195,0
W018,2025-06-26 04:00:00,4645.6,23.19,15.04,118.75,18.31,2825.34,1.154,0
W018,2025-06-26 08:00:00,4674.2,22.0,12.62,113.03,17.33,2828.78,1.183,0
W018,2025-06-26 12:00:00,4702.8,22.09,14.83,112.51,18.16,3044.41,1.156,0
W018,2025-06-26 16:00:00,4731.4,21.24,10.68,116.37,18.03,2831.77,1.161,0
W018,2025-06-26 20:00:00,4760.0,20.21,13.48,106.58,19.59,2698.42,1.173,0
W019,2025-05-17 00:00:00,500.0,34.96,10.2,113.87,14.26,2294.56,1.062,0
W019,2025-05-17 04:00:00,521.9,29.96,9.07,114.79,18.81,2311.57,1.093,0
W019,2025-05-17 08:00:00,543.8,32.72,11.42,116.75,14.35,2338.94,1.076,0
W019,2025-05-17 12:00:00,565.6,32.54,8.39,120.83,12.47,2448.85,1.086,0
W019,2025-05-17 16:00:00,587.5,26.3,11.87,120.57,14.21,2429.48,1.057,0
W019,2025-05-17 20:00:00,609.4,26.04,12.94,113.66,11.65,2304.14,1.078,0
W019,2025-05-18 00:00:00,631.3,29.5,10.44,116.07,14.87,2491.82,1.099,0
W019,2025-05-18 04:00:00,653.2,31.37,12.75,112.67,12.73,2480.47,1.095,0
W019,2025-05-18 08:00:00,675.0,30.42,10.05,111.3,16.52,2462.87,1.105,0
W019,2025-05-18 12:00:00,696.9,32.38,11.85,115.79,14.68,2485.59,1.088,0
W019,2025-05-18 16:00:00,718.8,31.11,9.79,111.04,14.57,2306.71,1.106,0
W019,2025-05-18 20:00:00,740.7,25.96,11.15,115.8,11.74,2341.78,1.099,0
W019,2025-05-19 00:00:00,762.6,31.29,10.69,119.06,14.8,2385.11,1.099,0
W019,2025-05-19 04:00:00,784.4,32.78,9.99,112.08,13.8,2356.39,1.117,0
W019,2025-05-19 08:00:00,806.3,31.72,9.3,111.4,15.67,2307.11,1.085,0
W019,2025-05-19 12:00:00,828.2,34.03,10.08,120.73,17.26,2325.09,1.083,0
W019,2025-05-19 16:00:00,850.1,29.17,9.37,115.73,14.63,2425.96,1.118,0
W019,2025-05-19 20:00:00,871.9,32.45,11.73,103.2,15.8,2550.95,1.052,0
W019,2025-05-20 00:00:00,893.8,32.07,10.76,109.9,16.44,2552.19,1.11,0
W019,2025-05-20 04:00:00,915.7,28.89,9.58,115.87,16.57,2365.89,1.094,0
W019,2025-05-20 08:00:00,937.6,38.47,12.62,121.9,12.37,2339.49,1.1,0
W019,2025-05-20 12:00:00,959.5,24.5,14.2,123.46,15.04,2566.09,1.099,0
W019,2025-05-20 16:00:00,981.3,35.27,12.02,118.46,18.52,2522.93,1.107,0
W019,2025-05-20 20:00:00,1003.2,27.08,12.57,110.1,16.27,2310.52,1.073,0
W019,2025-05-21 00:00:00,1025.1,24.18,14.6,119.5,15.57,2603.19,1.092,1
W019,2025-05-21 04:00:00,1047.0,13.02,12.1,117.48,20.13,2532.59,1.126,1
W019,2025-05-21 08:00:00,1068.9,14.6,16.35,105.47,35.33,2528.8,1.096,1
W019,2025-05-21 12:00:00,1090.7,8.63,18.52,116.91,32.51,2727.94,1.094,1
W019,2025-05-21 16:00:00,1112.6,3.68,16.87,112.93,36.99,2598.18,1.112,1
W019,2025-05-21 20:00:00,1134.5,6.08,17.2,111.56,34.96,2587.58,1.115,1
W019,2025-05-22 00:00:00,1156.4,11.2,13.34,116.54,28.25,2583.3,1.119,1
W019,2025-05-22 04:00:00,1178.3,15.44,13.98,114.43,24.79,2638.18,1.066,1
W019,2025-05-22 08:00:00,1200.1,26.4,13.39,93.93,21.17,2372.83,1.096,1
W019,2025-05-22 12:00:00,1222.0,28.72,12.76,120.36,17.47,2457.18,1.111,0
W019,2025-05-22 16:00:00,1243.9,24.23,10.67,120.37,17.51,2501.97,1.097,0
W019,2025-05-22 20:00:00,1265.8,30.23,10.06,121.46,15.53,2590.81,1.082,0
W019,2025-05-23 00:00:00,1287.7,32.79,11.26,112.72,16.35,2378.9,1.105,0
W019,2025-05-23 04:00:00,1309.5,25.29,10.75,117.92,14.38,2374.91,1.086,0
W019,2025-05-23 08:00:00,1331.4,25.99,13.77,109.92,14.68,2463.91,1.101,0
W019,2025-05-23 12:00:00,1353.3,34.18,11.56,117.01,17.7,2532.07,1.111,0
W019,2025-05-23 16:00:00,1375.2,27.02,14.84,114.4,15.2,2393.14,1.082,0
W019,2025-05-23 20:00:00,1397.0,29.96,8.28,114.97,15.63,2655.27,1.08,0
W019,2025-05-24 00:00:00,1418.9,24.8,11.6,113.81,15.01,2448.79,1.089,0
W019,2025-05-24 04:00:00,1440.8,28.57,8.32,114.85,14.92,2549.95,1.135,0
W019,2025-05-24 08:00:00,1462.7,26.51,13.89,113.1,14.26,2618.03,1.117,0
W019,2025-05-24 12:00:00,1484.6,27.51,12.83,116.65,15.88,2343.92,1.106,0
W019,2025-05-24 16:00:00,1506.4,29.37,11.62,120.41,16.69,2386.68,1.09,0
W019,2025-05-24 20:00:00,1528.3,27.03,11.01,117.02,14.71,2412.73,1.126,0
W019,2025-05-25 00:00:00,1550.2,27.94,10.75,115.11,18.48,2496.96,1.12,0
W019,2025-05-25 04:00:00,1572.1,25.24,13.34,128.91,14.58,2366.56,1.114,0
W019,2025-05-25 08:00:00,1594.0,30.13,11.66,108.68,15.8,2529.16,1.106,0
W019,2025-05-25 12:00:00,1615.8,29.32,13.55,116.44,15.95,2552.38,1.099,0
W019,2025-05-25 16:00:00,1637.7,24.64,11.4,112.05,14.55,2644.89,1.145,0
W019,2025-05-25 20:00:00,1659.6,26.44,11.94,113.87,17.99,2600.06,1.087,0
W019,2025-05-26 00:00:00,1681.5,28.93,9.84,125.55,16.79,2410.86,1.11,0
W019,2025-05-26 04:00:00,1703.4,26.63,12.59,121.25,13.93,2652.86,1.138,0
W019,2025-05-26 08:00:00,1725.2,24.87,11.91,125.26,18.22,2459.47,1.127,0
W019,2025-05-26 12:00:00,1747.1,36.49,11.96,111.2,16.31,2514.37,1.107,0
W019,2025-05-26 16:00:00,1769.0,28.82,9.92,111.01,17.36,2336.65,1.129,0
W019,2025-05-26 20:00:00,1790.9,21.46,9.2,112.01,16.52,2616.27,1.117,0
W019,2025-05-27 00:00:00,1812.8,26.76,12.67,109.77,16.25,2391.45,1.117,0
W019,2025-05-27 04:00:00,1834.6,27.11,10.59,115.99,16.29,2607.6,1.093,0
W019,2025-05-27 08:00:00,1856.5,27.27,10.66,120.22,17.36,2549.93,1.107,0
W019,2025-05-27 12:00:00,1878.4,30.16,9.5,104.59,13.7,2503.61,1.128,0
W019,2025-05-27 16:00:00,1900.3,16.07,14.58,115.79,14.18,2518.11,1.134,0
W019,2025-05-27 20:00:00,1922.1,26.8,14.25,106.8,16.25,2428.21,1.144,0
W019,2025-05-28 00:00:00,1944.0,26.92,16.87,112.19,15.7,2500.99,1.14,0
W019,2025-05-28 04:00:00,1965.9,23.9,12.79,115.58,17.07,2457.53,1.117,0
W019,2025-05-28 08:00:00,1987.8,24.46,12.59,120.66,20.17,2443.02,1.114,0
W019,2025-05-28 12:00:00,2009.7,22.52,12.88,111.77,17.43,2620.39,1.082,0
W019,2025-05-28 16:00:00,2031.5,26.48,11.91,117.76,15.39,2631.13,1.134,0
W019,2025-05-28 20:00:00,2053.4,26.01,13.79,110.53,16.3,2517.51,1.098,2
W019,2025-05-29 00:00:00,2075.3,27.93,12.11,118.01,21.62,2309.64,1.1,2
W019,2025-05-29 04:00:00,2097.2,25.71,14.03,113.03,17.54,2239.87,1.104,2
W019,2025-05-29 08:00:00,2119.1,20.52,12.72,112.44,20.46,2146.31,1.049,2
W019,2025-05-29 12:00:00,2140.9,17.47,9.6,110.01,21.2,2146.48,1.059,2
W019,2025-05-29 16:00:00,2162.8,21.66,12.41,119.65,20.52,2150.31,1.042,2
W019,2025-05-29 20:00:00,2184.7,24.41,13.91,119.41,16.15,2115.78,1.048,2
W019,2025-05-30 00:00:00,2206.6,20.02,10.38,114.97,19.25,2024.67,1.044,2
W019,2025-05-30 04:00:00,2228.5,24.01,13.91,116.14,20.54,2267.52,1.085,2
W019,2025-05-30 08:00:00,2250.3,20.84,10.26,126.13,19.88,2267.13,1.105,2
W019,2025-05-30 12:00:00,2272.2,24.01,12.19,112.55,18.1,2547.5,1.12,2
W019,2025-05-30 16:00:00,2294.1,24.64,12.36,120.62,17.83,2558.89,1.125,0
W019,2025-05-30 20:00:00,2316.0,26.04,11.9,119.93,15.06,2517.73,1.135,0
W019,2025-05-31 00:00:00,2337.9,21.6,10.24,115.38,13.95,2440.27,1.138,0
W019,2025-05-31 04:00:00,2359.7,24.39,14.53,107.77,16.83,2595.53,1.11,0
W019,2025-05-31 08:00:00,2381.6,28.1,13.37,105.34,16.93,2596.71,1.119,0
W019,2025-05-31 12:00:00,2403.5,20.56,13.02,128.27,16.3,2705.62,1.117,0
W019,2025-05-31 16:00:00,2425.4,25.65,13.76,114.95,16.46,2632.14,1.157,0
W019,2025-05-31 20:00:00,2447.2,25.9,11.83,113.86,21.54,2581.34,1.12,0
W019,2025-06-01 00:00:00,2469.1,21.56,9.86,117.18,18.18,2535.9,1.129,0
W019,2025-06-01 04:00:00,2491.0,21.49,12.8,117.89,16.04,2726.15,1.117,0
W019,2025-06-01 08:00:00,2512.9,25.85,13.87,114.54,16.66,2447.82,1.151,0
W019,2025-06-01 12:00:00,2534.8,24.49,13.41,119.04,15.87,2561.05,1.151,0
W019,2025-06-01 16:00:00,2556.6,21.65,15.79,110.53,14.88,2593.14,1.164,0
W019,2025-06-01 20:00:00,2578.5,19.27,12.39,117.86,17.06,2618.01,1.121,0
W019,2025-06-02 00:00:00,2600.4,23.2,12.38,108.22,16.92,2551.06,1.125,0
W019,2025-06-02 04:00:00,2622.3,25.96,9.87,113.63,21.17,2490.7,1.152,0
W019,2025-06-02 08:00:00,2644.2,25.16,11.7,107.08,17.25,2721.66,1.127,0
W019,2025-06-02 12:00:00,2666.0,24.76,14.12,117.05,14.17,2602.16,1.156,0
W019,2025-06-02 16:00:00,2687.9,24.89,8.49,117.33,16.64,2431.05,1.109,0
W019,2025-06-02 20:00:00,2709.8,27.93,11.5,109.56,16.94,2540.1,1.136,0
W019,2025-06-03 00:00:00,2731.7,24.39,10.8,111.93,17.8,2604.26,1.133,0
W019,2025-06-03 04:00:00,2753.6,30.81,13.7,120.11,16.7,2622.7,1.129,0
W019,2025-06-03 08:00:00,2775.4,27.33,12.43,116.33,17.29,2603.66,1.18,0
W019,2025-06-03 12:00:00,2797.3,23.0,11.59,119.16,15.93,2581.48,1.12,0
W019,2025-06-03 16:00:00,2819.2,26.47,13.36,113.11,18.29,2442.88,1.126,0
W019,2025-06-03 20:00:00,2841.1,21.99,11.64,104.51,17.45,2674.98,1.156,0
W019,2025-06-04 00:00:00,2863.0,20.86,14.5,118.82,20.19,2583.41,1.11,0
W019,2025-06-04 04:00:00,2884.8,22.71,11.88,110.66,17.46,2586.83,1.14,0
W019,2025-06-04 08:00:00,2906.7,24.61,12.85,117.37,18.03,2703.93,1.135,0
W019,2025-06-04 12:00:00,2928.6,22.26,12.84,114.03,16.59,2542.71,1.15,0
W019,2025-06-04 16:00:00,2950.5,19.25,12.92,121.09,17.37,2699.14,1.13,0
W019,2025-06-04 20:00:00,2972.3,19.35,11.01,122.88,15.95,2694.21,1.124,0
W019,2025-06-05 00:00:00,2994.2,26.45,16.71,104.88,16.05,2698.95,1.148,0
W019,2025-06-05 04:00:00,3016.1,24.83,12.54,126.93,18.21,2522.25,1.137,0
W019,2025-06-05 08:00:00,3038.0,18.89,15.79,111.04,18.89,2591.82,1.132,0
W019,2025-06-05 12:00:00,3059.9,16.77,14.3,122.8,16.35,2497.51,1.153,0
W019,2025-06-05 16:00:00,3081.7,17.56,15.23,109.57,16.01,2661.35,1.126,0
W019,2025-06-05 20:00:00,3103.6,20.38,13.93,100.43,20.96,2645.33,1.123,0
W019,2025-06-06 00:00:00,3125.5,19.45,14.89,118.61,20.5,2582.36,1.147,0
W019,2025-06-06 04:00:00,3147.4,23.78,14.44,121.76,16.71,2635.94,1.134,0
W019,2025-06-06 08:00:00,3169.3,22.34,14.45,105.08,20.0,2546.09,1.139,0
W019,2025-06-06 12:00:00,3191.1,26.23,13.89,117.04,15.87,2557.06,1.158,0
W019,2025-06-06 16:00:00,3213.0,20.73,12.66,120.78,16.11,2677.66,1.145,0
W019,2025-06-06 20:00:00,3234.9,22.49,12.62,111.52,16.06,2699.28,1.135,0
W019,2025-06-07 00:00:00,3256.8,25.41,13.06,108.65,17.57,2621.27,1.16,0
W019,2025-06-07 04:00:00,3278.7,21.39,12.99,123.47,18.91,2810.3,1.164,0
W019,2025-06-07 08:00:00,3300.5,19.84,14.88,124.15,20.76,2751.99,1.161,0
W019,2025-06-07 12:00:00,3322.4,21.59,12.14,112.89,15.0,2786.32,1.142,0
W019,2025-06-07 16:00:00,3344.3,26.37,11.55,121.5,17.11,2552.28,1.171,0
W019,2025-06-07 20:00:00,3366.2,25.82,13.72,115.2,18.79,2687.8,1.135,0
W019,2025-06-08 00:00:00,3388.1,21.26,16.34,131.03,20.81,2715.73,1.143,0
W019,2025-06-08 04:00:00,3409.9,20.11,12.3,111.68,21.87,2837.66,1.159,0
W019,2025-06-08 08:00:00,3431.8,19.62,14.74,113.57,14.12,2703.34,1.136,0
W019,2025-06-08 12:00:00,3453.7,20.08,13.02,112.01,17.94,2672.5,1.121,0
W019,2025-06-08 16:00:00,3475.6,27.06,11.92,109.29,17.41,2672.56,1.171,0
W019,2025-06-08 20:00:00,3497.4,23.31,14.25,116.65,18.42,2712.6,1.121,0
W019,2025-06-09 00:00:00,3519.3,21.75,15.14,138.65,15.83,2725.2,1.142,0
W019,2025-06-09 04:00:00,3541.2,28.64,11.37,118.75,15.47,2660.86,1.15,0
W019,2025-06-09 08:00:00,3563.1,25.71,11.78,118.98,18.03,2716.49,1.166,0
W019,2025-06-09 12:00:00,3585.0,18.65,14.62,111.59,19.97,2724.46,1.149,0
W019,2025-06-09 16:00:00,3606.8,20.73,14.63,122.57,17.04,2594.78,1.163,0
W019,2025-06-09 20:00:00,3628.7,18.15,11.44,108.62,17.25,2578.89,1.123,0
W019,2025-06-10 00:00:00,3650.6,19.09,14.36,107.37,17.39,2876.77,1.152,0
W019,2025-06-10 04:00:00,3672.5,23.53,11.98,127.98,17.03,2683.44,1.173,0
W019,2025-06-10 08:00:00,3694.4,21.95,13.47,113.31,17.51,2739.73,1.162,0
W019,2025-06-10 12:00:00,3716.2,20.57,12.25,111.35,15.48,2565.65,1.159,0
W019,2025-06-10 16:00:00,3738.1,25.32,14.71,100.71,17.56,2612.01,1.157,0
W019,2025-06-10 20:00:00,3760.0,21.25,14.29,114.89,14.59,2626.56,1.155,0
W020,2025-02-28 00:00:00,500.0,30.27,12.39,120.85,17.11,2345.85,1.085,0
W020,2025-02-28 04:00:00,522.8,32.21,12.75,115.5,17.72,2421.46,1.082,0
W020,2025-02-28 08:00:00,545.5,28.65,10.94,105.58,14.0,2462.68,1.111,0
W020,2025-02-28 12:00:00,568.3,30.86,11.68,113.14,13.85,2413.84,1.085,0
W020,2025-02-28 16:00:00,591.0,35.07,11.61,117.67,13.09,2156.34,1.098,0
W020,2025-02-28 20:00:00,613.8,28.51,12.48,109.52,14.04,2468.26,1.099,0
W020,2025-03-01 00:00:00,636.5,27.0,11.05,126.42,15.26,2356.69,1.106,0
W020,2025-03-01 04:00:00,659.3,31.06,13.17,119.53,16.63,2506.83,1.089,0
W020,2025-03-01 08:00:00,682.0,28.2,8.98,113.73,12.64,2407.92,1.084,0
W020,2025-03-01 12:00:00,704.8,32.89,12.17,112.66,16.76,2390.96,1.068,0
W020,2025-03-01 16:00:00,727.5,27.03,9.91,115.06,14.23,2332.42,1.103,0
W020,2025-03-01 20:00:00,750.3,32.36,10.07,109.9,17.28,2627.88,1.081,0
W020,2025-03-02 00:00:00,773.0,32.67,10.79,119.06,13.28,2272.37,1.079,0
W020,2025-03-02 04:00:00,795.8,28.31,10.65,120.67,13.5,2330.13,1.127,0
W020,2025-03-02 08:00:00,818.5,30.16,11.43,119.47,14.06,2388.39,1.092,0
W020,2025-03-02 12:00:00,841.3,29.75,12.26,119.05,10.89,2482.35,1.092,0
W020,2025-03-02 16:00:00,864.0,31.18,10.39,114.69,17.37,2425.29,1.116,0
W020,2025-03-02 20:00:00,886.8,29.85,10.77,115.07,12.71,2155.35,1.086,0
W020,2025-03-03 00:00:00,909.5,33.08,13.13,102.99,17.32,2346.74,1.077,0
W020,2025-03-03 04:00:00,932.3,33.18,10.24,130.69,13.79,2377.68,1.084,0
W020,2025-03-03 08:00:00,955.0,30.45,12.2,104.62,16.18,2368.27,1.086,0
W020,2025-03-03 12:00:00,977.8,23.3,13.27,116.72,14.95,2477.71,1.108,0
W020,2025-03-03 16:00:00,1000.5,30.1,14.26,116.31,19.48,2538.54,1.112,0
W020,2025-03-03 20:00:00,1023.3,22.43,11.96,116.48,16.39,2402.68,1.11,0
W020,2025-03-04 00:00:00,1046.0,29.84,9.29,123.13,13.34,2378.53,1.088,0
W020,2025-03-04 04:00:00,1068.8,25.33,13.43,115.73,17.23,2474.45,1.073,0
W020,2025-03-04 08:00:00,1091.5,25.83,12.92,118.94,12.84,2512.77,1.111,0
W020,2025-03-04 12:00:00,1114.3,24.61,12.41,113.63,16.89,2260.55,1.097,0
W020,2025-03-04 16:00:00,1137.0,31.04,12.61,119.75,15.58,2475.87,1.1,0
W020,2025-03-04 20:00:00,1159.8,24.73,11.42,123.72,18.04,2338.28,1.097,0
W020,2025-03-05 00:00:00,1182.6,24.73,12.07,120.98,19.66,2301.61,1.117,0
W020,2025-03-05 04:00:00,1205.3,27.48,11.25,109.39,19.2,2285.99,1.097,0
W020,2025-03-05 08:00:00,1228.1,28.6,12.48,122.48,14.41,2491.28,1.104,0
W020,2025-03-05 12:00:00,1250.8,27.62,11.11,115.97,15.74,2405.53,1.097,0
W020,2025-03-05 16:00:00,1273.6,28.62,9.8,113.85,14.62,2429.03,1.104,0
W020,2025-03-05 20:00:00,1296.3,30.1,12.79,116.75,16.31,2425.42,1.103,0
W020,2025-03-06 00:00:00,1319.1,22.26,12.9,116.6,18.16,2395.19,1.125,0
W020,2025-03-06 04:00:00,1341.8,26.92,10.94,124.27,16.66,2597.99,1.109,0
W020,2025-03-06 08:00:00,1364.6,29.92,13.34,113.31,16.62,2463.98,1.12,0
W020,2025-03-06 12:00:00,1387.3,24.3,12.7,120.52,14.77,2373.27,1.083,0
W020,2025-03-06 16:00:00,1410.1,33.74,10.7,123.51,15.63,2553.95,1.117,0
W020,2025-03-06 20:00:00,1432.8,33.81,13.97,116.28,16.56,2518.73,1.149,0
W020,2025-03-07 00:00:00,1455.6,27.7,9.86,116.47,14.85,2479.13,1.126,0
W020,2025-03-07 04:00:00,1478.3,29.01,10.91,113.78,14.08,2577.42,1.122,0
W020,2025-03-07 08:00:00,1501.1,24.23,15.58,113.7,16.53,2434.74,1.116,0
W020,2025-03-07 12:00:00,1523.8,27.78,9.7,122.04,14.51,2550.16,1.107,0
W020,2025-03-07 16:00:00,1546.6,27.69,12.52,115.82,17.34,2406.39,1.126,0
W020,2025-03-07 20:00:00,1569.3,24.41,10.43,118.47,17.89,2498.17,1.134,0
W020,2025-03-08 00:00:00,1592.1,25.0,10.05,120.03,16.22,2547.68,1.096,0
W020,2025-03-08 04:00:00,1614.8,26.17,14.41,113.79,18.57,2547.54,1.108,0
W020,2025-03-08 08:00:00,1637.6,31.74,12.29,115.08,15.86,2519.63,1.096,0
W020,2025-03-08 12:00:00,1660.3,30.2,12.46,111.57,13.72,2460.08,1.117,0
W020,2025-03-08 16:00:00,1683.1,27.97,12.02,119.04,13.93,2479.25,1.118,0
W020,2025-03-08 20:00:00,1705.8,28.88,13.15,113.78,16.1,2420.9,1.12,0
W020,2025-03-09 00:00:00,1728.6,24.89,12.66,122.09,16.84,2605.64,1.108,0
W020,2025-03-09 04:00:00,1751.3,23.9,11.56,111.32,15.11,2292.68,1.118,0
W020,2025-03-09 08:00:00,1774.1,27.56,13.06,118.32,15.68,2577.31,1.129,0
W020,2025-03-09 12:00:00,1796.8,26.04,12.09,124.06,16.59,2423.66,1.099,0
W020,2025-03-09 16:00:00,1819.6,23.09,8.73,112.1,15.69,2412.29,1.106,0
W020,2025-03-09 20:00:00,1842.3,24.64,9.43,113.98,17.2,2456.76,1.134,0
W020,2025-03-10 00:00:00,1865.1,27.96,13.14,115.19,17.21,2378.18,1.13,0
W020,2025-03-10 04:00:00,1887.9,27.52,13.45,113.49,19.14,2555.7,1.104,0
W020,2025-03-10 08:00:00,1910.6,30.88,10.21,108.32,18.32,2540.36,1.119,0
W020,2025-03-10 12:00:00,1933.4,25.99,13.05,113.37,16.36,2411.22,1.118,0
W020,2025-03-10 16:00:00,1956.1,25.53,13.4,117.03,16.4,2540.8,1.134,0
W020,2025-03-10 20:00:00,1978.9,20.55,12.35,116.25,15.34,2601.35,1.129,0
W020,2025-03-11 00:00:00,2001.6,27.99,15.84,116.98,16.49,2604.65,1.111,0
W020,2025-03-11 04:00:00,2024.4,26.39,14.16,119.99,19.53,2498.09,1.131,0
W020,2025-03-11 08:00:00,2047.1,25.28,12.98,116.52,17.97,2522.17,1.1,0
W020,2025-03-11 12:00:00,2069.9,25.46,13.14,114.75,17.78,2516.57,1.117,0
W020,2025-03-11 16:00:00,2092.6,29.17,15.99,120.28,15.97,2550.44,1.124,0
W020,2025-03-11 20:00:00,2115.4,27.01,12.88,118.69,20.22,2366.79,1.115,0
W020,2025-03-12 00:00:00,2138.1,27.88,12.53,118.56,16.66,2675.61,1.14,0
W020,2025-03-12 04:00:00,2160.9,25.9,15.11,116.86,17.12,2670.01,1.102,0
W020,2025-03-12 08:00:00,2183.6,25.5,13.13,113.66,15.66,2533.73,1.101,0
W020,2025-03-12 12:00:00,2206.4,29.66,15.01,115.44,16.44,2409.77,1.114,0
W020,2025-03-12 16:00:00,2229.1,29.45,12.61,111.92,17.08,2496.66,1.101,0
W020,2025-03-12 20:00:00,2251.9,24.08,11.03,117.57,18.67,2483.62,1.128,0
W020,2025-03-13 00:00:00,2274.6,24.95,11.49,101.33,15.16,2480.36,1.128,0
W020,2025-03-13 04:00:00,2297.4,25.73,14.46,108.8,15.52,2494.68,1.123,0
W020,2025-03-13 08:00:00,2320.1,25.66,13.25,103.71,19.15,2597.47,1.14,0
W020,2025-03-13 12:00:00,2342.9,17.83,13.85,109.03,16.19,2686.78,1.137,0
W020,2025-03-13 16:00:00,2365.6,22.97,13.79,117.16,16.27,2603.04,1.122,0
W020,2025-03-13 20:00:00,2388.4,26.16,13.16,118.02,20.46,2647.8,1.143,0
W020,2025-03-14 00:00:00,2411.1,23.42,10.32,113.87,16.12,2619.19,1.125,0
W020,2025-03-14 04:00:00,2433.9,28.98,9.99,113.32,17.67,2479.93,1.142,0
W020,2025-03-14 08:00:00,2456.6,27.62,11.95,130.89,14.99,2449.06,1.122,0
W020,2025-03-14 12:00:00,2479.4,25.57,10.18,118.72,21.43,2447.36,1.133,0
W020,2025-03-14 16:00:00,2502.1,27.87,13.75,127.95,16.16,2753.97,1.129,0
W020,2025-03-14 20:00:00,2524.9,23.47,15.42,112.79,18.93,2533.4,1.111,0
W020,2025-03-15 00:00:00,2547.7,21.19,13.66,108.62,16.62,2521.78,1.118,0
W020,2025-03-15 04:00:00,2570.4,22.73,12.91,97.13,18.52,2466.2,1.114,0
W020,2025-03-15 08:00:00,2593.2,20.67,13.0,123.78,16.76,2624.57,1.14,0
W020,2025-03-15 12:00:00,2615.9,27.22,11.09,124.56,16.4,2613.05,1.13,0
W020,2025-03-15 16:00:00,2638.7,23.66,14.01,118.81,13.06,2627.98,1.164,0
W020,2025-03-15 20:00:00,2661.4,25.56,11.83,112.7,15.99,2489.34,1.13,0
W020,2025-03-16 00:00:00,2684.2,24.43,13.5,111.87,20.62,2510.95,1.136,0
W020,2025-03-16 04:00:00,2706.9,22.76,11.79,113.32,17.37,2670.02,1.127,0
W020,2025-03-16 08:00:00,2729.7,20.51,14.65,109.14,16.56,2605.23,1.133,0
W020,2025-03-16 12:00:00,2752.4,20.76,13.89,98.09,18.76,2706.84,1.149,0
W020,2025-03-16 16:00:00,2775.2,24.09,12.79,110.98,17.12,2661.89,1.119,0
W020,2025-03-16 20:00:00,2797.9,24.6,11.88,122.04,15.31,2664.13,1.135,0
W020,2025-03-17 00:00:00,2820.7,24.63,13.58,112.7,17.19,2710.27,1.125,0
W020,2025-03-17 04:00:00,2843.4,25.81,13.92,117.8,19.31,2601.99,1.147,0
W020,2025-03-17 08:00:00,2866.2,28.31,10.06,112.56,17.68,2698.13,1.141,0
W020,2025-03-17 12:00:00,2888.9,29.19,11.8,107.59,18.43,2607.61,1.125,0
W020,2025-03-17 16:00:00,2911.7,30.13,13.72,118.91,19.87,2585.45,1.159,0
W020,2025-03-17 20:00:00,2934.4,23.76,12.52,114.96,18.34,2722.93,1.118,0
W020,2025-03-18 00:00:00,2957.2,17.25,12.22,114.59,19.29,2584.08,1.145,0
W020,2025-03-18 04:00:00,2979.9,27.31,10.85,114.18,22.36,2563.83,1.127,0
W020,2025-03-18 08:00:00,3002.7,24.06,12.61,121.45,22.46,2637.02,1.181,0
W020,2025-03-18 12:00:00,3025.4,21.14,13.15,109.24,17.19,2611.31,1.147,0
W020,2025-03-18 16:00:00,3048.2,18.76,12.62,112.05,19.61,2645.8,1.143,0
W020,2025-03-18 20:00:00,3070.9,22.75,10.78,124.64,16.34,2717.91,1.138,0
W020,2025-03-19 00:00:00,3093.7,20.67,14.97,107.84,16.0,2654.48,1.145,0
W020,2025-03-19 04:00:00,3116.4,24.96,14.47,114.58,18.19,2629.73,1.164,0
W020,2025-03-19 08:00:00,3139.2,19.55,13.45,119.62,20.0,2585.22,1.128,0
W020,2025-03-19 12:00:00,3161.9,18.78,12.89,116.53,17.15,2710.74,1.142,0
W020,2025-03-19 16:00:00,3184.7,24.33,13.62,104.89,15.93,2754.46,1.13,0
W020,2025-03-19 20:00:00,3207.4,25.06,13.59,109.09,19.35,2609.83,1.146,0
W020,2025-03-20 00:00:00,3230.2,21.87,9.34,119.04,19.38,2610.86,1.154,0
W020,2025-03-20 04:00:00,3253.0,19.88,12.12,116.44,16.75,2646.2,1.131,0
W020,2025-03-20 08:00:00,3275.7,18.65,13.71,116.3,18.03,2634.17,1.135,0
W020,2025-03-20 12:00:00,3298.5,19.26,11.72,111.38,19.84,2683.62,1.151,0
W020,2025-03-20 16:00:00,3321.2,18.73,13.68,117.02,20.85,2663.64,1.141,0
W020,2025-03-20 20:00:00,3344.0,20.2,13.49,113.83,20.02,2749.02,1.132,0
W020,2025-03-21 00:00:00,3366.7,22.43,17.07,106.21,17.66,2738.06,1.144,0
W020,2025-03-21 04:00:00,3389.5,21.53,12.7,108.62,17.7,2765.18,1.129,0
W020,2025-03-21 08:00:00,3412.2,23.3,15.02,114.88,17.24,2736.03,1.135,0
W020,2025-03-21 12:00:00,3435.0,22.49,13.15,115.38,21.78,2642.0,1.151,2
W020,2025-03-21 16:00:00,3457.7,17.73,11.87,117.8,19.97,2247.82,1.117,2
W020,2025-03-21 20:00:00,3480.5,25.09,16.25,110.8,21.41,2212.24,1.091,2
W020,2025-03-22 00:00:00,3503.2,15.45,11.65,120.3,21.27,2220.43,1.086,2
W020,2025-03-22 04:00:00,3526.0,18.09,11.84,116.26,20.61,2120.63,1.056,2
W020,2025-03-22 08:00:00,3548.7,13.39,12.55,118.27,20.63,2345.95,1.077,2
W020,2025-03-22 12:00:00,3571.5,19.53,13.42,108.62,20.09,2206.11,1.094,2
W020,2025-03-22 16:00:00,3594.2,3.43,16.89,111.69,32.18,2698.2,1.159,1
W020,2025-03-22 20:00:00,3617.0,2.0,20.16,109.97,36.12,2942.58,1.177,1
W020,2025-03-23 00:00:00,3639.7,2.0,22.52,106.96,39.11,2904.77,1.129,1
W020,2025-03-23 04:00:00,3662.5,11.83,15.19,122.91,30.53,2762.49,1.135,3
W020,2025-03-23 08:00:00,3685.2,8.95,14.41,122.32,26.91,2757.12,1.176,3
W020,2025-03-23 12:00:00,3708.0,15.37,15.9,106.27,26.22,2853.04,1.164,3
W020,2025-03-23 16:00:00,3730.7,18.93,14.09,115.56,17.83,2740.74,1.169,3
W020,2025-03-23 20:00:00,3753.5,19.59,14.75,108.47,20.85,2774.5,1.153,3
W020,2025-03-24 00:00:00,3776.2,27.39,12.39,106.67,17.24,2625.88,1.161,0
W020,2025-03-24 04:00:00,3799.0,21.13,14.32,116.75,16.77,2634.86,1.135,0
W020,2025-03-24 08:00:00,3821.7,25.65,14.19,112.54,19.09,2621.0,1.143,0
W020,2025-03-24 12:00:00,3844.5,19.58,13.81,111.37,15.38,2731.11,1.165,0
W020,2025-03-24 16:00:00,3867.2,22.09,15.11,119.82,20.01,2795.94,1.161,0
W020,2025-03-24 20:00:00,3890.0,18.77,12.88,111.93,16.4,2676.17,1.136,0
